Participant,adherhent_Q#,P2_rating,P1_5_Q_avg,P1_Q_#,delta
0,0_4,6,None,0,None
0,0_5,4,None,0,None
0,0_16,7,None,0,None
0,0_18,7,None,0,None
0,0_20,7,None,0,None
0,0_21,7,None,0,None
0,0_31,6,None,0,None
0,0_38,7,None,0,None
0,0_40,6,None,0,None
0,0_48,7,None,0,None
0,0_52,3,None,0,None
0,0_58,6,None,0,None
0,0_59,6,None,0,None
0,0_61,7,None,0,None
0,0_65,6,None,0,None
0,0_91,7,None,0,None
0,0_94,7,None,0,None
0,0_99,6,None,0,None
0,1_15,7,None,0,None
0,1_24,7,None,0,None
0,1_36,7,None,0,None
0,1_45,6,None,0,None
0,1_47,6,None,0,None
0,1_62,7,None,0,None
0,1_66,7,None,0,None
0,1_77,7,None,0,None
0,1_85,6,None,0,None
0,1_86,7,None,0,None
0,1_97,7,None,0,None
0,2_7,3,None,0,None
0,2_11,3,None,0,None
0,2_14,2,2.6,5,-0.6000000000000001
0,2_19,2,2.4,5,-0.3999999999999999
0,2_20,4,2.8,5,1.2000000000000002
0,2_23,6,3.4,5,2.6
0,2_24,4,2.4,5,1.6
0,2_39,6,3.6,5,2.4
0,2_40,6,3.0,5,3.0
0,2_53,4,2.8,5,1.2000000000000002
0,2_59,6,3.8,5,2.2
0,2_64,5,3.6,5,1.4
0,2_68,2,2.2,5,-0.20000000000000018
0,2_69,5,2.2,5,2.8
0,2_74,3,2.0,5,1.0
0,2_77,7,4.8,5,2.2
0,2_96,2,2.2,5,-0.20000000000000018
0,2_99,4,3.2,5,0.7999999999999998
0,4_1,2,None,0,None
0,4_2,2,None,0,None
0,4_3,2,None,0,None
0,4_4,3,None,0,None
0,4_5,3,None,0,None
0,4_6,3,None,0,None
0,4_7,2,None,0,None
0,4_8,2,None,0,None
0,4_9,2,None,0,None
0,4_10,2,None,0,None
1,0_4,4,None,0,None
1,0_5,2,None,0,None
1,0_16,6,None,0,None
1,0_18,3,None,0,None
1,0_20,4,None,0,None
1,0_21,4,None,0,None
1,0_31,6,None,0,None
1,0_38,4,None,0,None
1,0_40,3,None,0,None
1,0_48,6,5.6,5,0.40000000000000036
1,0_52,2,2.4,5,-0.3999999999999999
1,0_58,2,3.2,5,-1.2000000000000002
1,0_59,7,2.6,5,4.4
1,0_61,4,6.0,5,-2.0
1,0_65,4,4.2,5,-0.20000000000000018
1,0_91,6,3.4,5,2.6
1,0_94,6,3.2,5,2.8
1,0_99,4,3.0,5,1.0
1,1_15,7,6.0,5,1.0
1,1_24,6,4.6,5,1.4000000000000004
1,1_36,4,3.8,5,0.20000000000000018
1,1_45,4,3.2,5,0.7999999999999998
1,1_47,2,3.0,5,-1.0
1,1_62,5,5.6,5,-0.5999999999999996
1,1_66,6,None,0,None
1,1_77,7,None,0,None
1,1_85,3,None,0,None
1,1_86,6,None,0,None
1,1_97,5,None,0,None
1,2_7,2,None,0,None
1,2_11,2,None,0,None
1,2_14,2,None,0,None
1,2_19,3,None,0,None
1,2_20,3,None,0,None
1,2_23,2,None,0,None
1,2_24,2,None,0,None
1,2_39,5,None,0,None
1,2_40,6,None,0,None
1,2_53,2,None,0,None
1,2_59,5,None,0,None
1,2_64,3,None,0,None
1,2_68,2,None,0,None
1,2_69,2,None,0,None
1,2_74,2,None,0,None
1,2_77,2,None,0,None
1,2_96,2,None,0,None
1,2_99,3,None,0,None
1,4_1,2,None,0,None
1,4_2,2,None,0,None
1,4_3,2,None,0,None
1,4_4,2,None,0,None
1,4_5,2,None,0,None
1,4_6,2,None,0,None
1,4_7,2,None,0,None
1,4_8,2,None,0,None
1,4_9,2,None,0,None
1,4_10,2,None,0,None
2,0_4,7,None,0,None
2,0_5,4,None,0,None
2,0_16,5,None,0,None
2,0_18,7,None,0,None
2,0_20,5,None,0,None
2,0_21,7,None,0,None
2,0_31,7,None,0,None
2,0_38,6,None,0,None
2,0_40,7,None,0,None
2,0_48,7,None,0,None
2,0_52,6,None,0,None
2,0_58,6,None,0,None
2,0_59,6,None,0,None
2,0_61,7,None,0,None
2,0_65,7,None,0,None
2,0_91,7,None,0,None
2,0_94,6,None,0,None
2,0_99,6,None,0,None
2,1_15,7,None,0,None
2,1_24,7,None,0,None
2,1_36,7,None,0,None
2,1_45,6,None,0,None
2,1_47,6,None,0,None
2,1_62,7,None,0,None
2,1_66,7,5.4,5,1.5999999999999996
2,1_77,7,5.6,5,1.4000000000000004
2,1_85,7,5.4,5,1.5999999999999996
2,1_86,7,5.0,5,2.0
2,1_97,7,4.8,5,2.2
2,2_7,3,3.0,5,0.0
2,2_11,4,3.0,5,1.0
2,2_14,4,3.2,5,0.7999999999999998
2,2_19,4,4.0,5,0.0
2,2_20,5,3.8,5,1.2000000000000002
2,2_23,4,3.4,5,0.6000000000000001
2,2_24,4,3.0,5,1.0
2,2_39,4,3.6,5,0.3999999999999999
2,2_40,6,4.0,5,2.0
2,2_53,6,4.2,5,1.7999999999999998
2,2_59,6,None,0,None
2,2_64,5,None,0,None
2,2_68,4,None,0,None
2,2_69,5,None,0,None
2,2_74,4,None,0,None
2,2_77,5,None,0,None
2,2_96,5,None,0,None
2,2_99,5,None,0,None
2,4_1,3,None,0,None
2,4_2,4,None,0,None
2,4_3,4,None,0,None
2,4_4,3,None,0,None
2,4_5,3,None,0,None
2,4_6,5,None,0,None
2,4_7,4,None,0,None
2,4_8,3,None,0,None
2,4_9,3,None,0,None
2,4_10,3,None,0,None
3,0_4,6,None,0,None
3,0_5,5,None,0,None
3,0_16,2,None,0,None
3,0_18,7,None,0,None
3,0_20,3,None,0,None
3,0_21,3,None,0,None
3,0_31,5,None,0,None
3,0_38,3,None,0,None
3,0_40,3,None,0,None
3,0_48,5,None,0,None
3,0_52,2,None,0,None
3,0_58,4,None,0,None
3,0_59,3,None,0,None
3,0_61,5,None,0,None
3,0_65,3,None,0,None
3,0_91,5,None,0,None
3,0_94,3,None,0,None
3,0_99,4,None,0,None
3,1_15,2,None,0,None
3,1_24,4,None,0,None
3,1_36,3,None,0,None
3,1_45,2,None,0,None
3,1_47,4,None,0,None
3,1_62,5,None,0,None
3,1_66,4,None,0,None
3,1_77,5,None,0,None
3,1_85,2,None,0,None
3,1_86,4,None,0,None
3,1_97,5,None,0,None
3,2_7,5,None,0,None
3,2_11,4,None,0,None
3,2_14,4,None,0,None
3,2_19,4,None,0,None
3,2_20,3,None,0,None
3,2_23,2,None,0,None
3,2_24,3,None,0,None
3,2_39,4,None,0,None
3,2_40,3,None,0,None
3,2_53,3,None,0,None
3,2_59,3,3.8,5,-0.7999999999999998
3,2_64,4,2.8,5,1.2000000000000002
3,2_68,3,2.4,5,0.6000000000000001
3,2_69,2,2.8,5,-0.7999999999999998
3,2_74,2,2.6,5,-0.6000000000000001
3,2_77,2,3.6,5,-1.6
3,2_96,5,3.2,5,1.7999999999999998
3,2_99,5,2.6,5,2.4
3,4_1,2,3.2,5,-1.2000000000000002
3,4_2,3,3.2,5,-0.20000000000000018
3,4_3,3,3.0,5,0.0
3,4_4,4,3.0,5,1.0
3,4_5,3,3.4,5,-0.3999999999999999
3,4_6,3,2.6,5,0.3999999999999999
3,4_7,5,2.4,5,2.6
3,4_8,4,2.8,5,1.2000000000000002
3,4_9,2,2.4,5,-0.3999999999999999
3,4_10,5,3.2,5,1.7999999999999998
4,0_4,7,3.0,5,4.0
4,0_5,2,2.2,5,-0.20000000000000018
4,0_16,7,3.8,5,3.2
4,0_18,7,4.4,5,2.5999999999999996
4,0_20,3,3.0,5,0.0
4,0_21,5,3.4,5,1.6
4,0_31,6,4.4,5,1.5999999999999996
4,0_38,7,5.2,5,1.7999999999999998
4,0_40,5,3.4,5,1.6
4,0_48,7,5.2,5,1.7999999999999998
4,0_52,3,2.4,5,0.6000000000000001
4,0_58,6,3.8,5,2.2
4,0_59,6,3.0,5,3.0
4,0_61,7,6.4,5,0.5999999999999996
4,0_65,7,3.8,5,3.2
4,0_91,7,3.2,5,3.8
4,0_94,7,4.0,5,3.0
4,0_99,7,4.8,5,2.2
4,1_15,7,None,0,None
4,1_24,7,None,0,None
4,1_36,7,None,0,None
4,1_45,6,None,0,None
4,1_47,7,None,0,None
4,1_62,7,None,0,None
4,1_66,7,None,0,None
4,1_77,7,None,0,None
4,1_85,7,None,0,None
4,1_86,4,None,0,None
4,1_97,6,None,0,None
4,2_7,4,None,0,None
4,2_11,2,None,0,None
4,2_14,2,None,0,None
4,2_19,2,None,0,None
4,2_20,3,None,0,None
4,2_23,3,None,0,None
4,2_24,3,None,0,None
4,2_39,7,None,0,None
4,2_40,4,None,0,None
4,2_53,3,None,0,None
4,2_59,3,None,0,None
4,2_64,6,None,0,None
4,2_68,2,None,0,None
4,2_69,2,None,0,None
4,2_74,2,None,0,None
4,2_77,3,None,0,None
4,2_96,5,None,0,None
4,2_99,3,None,0,None
4,4_1,2,None,0,None
4,4_2,2,None,0,None
4,4_3,3,None,0,None
4,4_4,2,None,0,None
4,4_5,2,None,0,None
4,4_6,2,None,0,None
4,4_7,2,None,0,None
4,4_8,2,None,0,None
4,4_9,2,None,0,None
4,4_10,2,None,0,None
5,0_4,7,None,0,None
5,0_5,7,None,0,None
5,0_16,7,None,0,None
5,0_18,6,None,0,None
5,0_20,4,None,0,None
5,0_21,7,None,0,None
5,0_31,7,None,0,None
5,0_38,7,None,0,None
5,0_40,3,None,0,None
5,0_48,7,None,0,None
5,0_52,4,None,0,None
5,0_58,7,None,0,None
5,0_59,4,None,0,None
5,0_61,6,None,0,None
5,0_65,5,None,0,None
5,0_91,7,None,0,None
5,0_94,6,None,0,None
5,0_99,6,None,0,None
5,1_15,6,5.6,5,0.40000000000000036
5,1_24,7,5.4,5,1.5999999999999996
5,1_36,3,3.8,5,-0.7999999999999998
5,1_45,6,2.6,5,3.4
5,1_47,7,3.0,5,4.0
5,1_62,7,5.0,5,2.0
5,1_66,7,5.4,5,1.5999999999999996
5,1_77,7,5.4,5,1.5999999999999996
5,1_85,5,3.8,5,1.2000000000000002
5,1_86,6,3.6,5,2.4
5,1_97,5,3.4,5,1.6
5,2_7,4,2.2,5,1.7999999999999998
5,2_11,4,2.4,5,1.6
5,2_14,2,None,0,None
5,2_19,4,None,0,None
5,2_20,7,None,0,None
5,2_23,7,None,0,None
5,2_24,6,None,0,None
5,2_39,7,None,0,None
5,2_40,6,None,0,None
5,2_53,5,None,0,None
5,2_59,7,None,0,None
5,2_64,6,None,0,None
5,2_68,2,None,0,None
5,2_69,4,None,0,None
5,2_74,3,None,0,None
5,2_77,3,None,0,None
5,2_96,3,None,0,None
5,2_99,7,None,0,None
5,4_1,2,None,0,None
5,4_2,3,None,0,None
5,4_3,2,None,0,None
5,4_4,4,None,0,None
5,4_5,3,None,0,None
5,4_6,3,None,0,None
5,4_7,2,None,0,None
5,4_8,2,None,0,None
5,4_9,2,None,0,None
5,4_10,2,None,0,None
6,0_4,6,None,0,None
6,0_5,6,None,0,None
6,0_16,7,None,0,None
6,0_18,7,None,0,None
6,0_20,5,None,0,None
6,0_21,5,None,0,None
6,0_31,6,None,0,None
6,0_38,7,None,0,None
6,0_40,6,None,0,None
6,0_48,7,None,0,None
6,0_52,5,None,0,None
6,0_58,7,None,0,None
6,0_59,7,None,0,None
6,0_61,7,None,0,None
6,0_65,6,None,0,None
6,0_91,7,None,0,None
6,0_94,7,None,0,None
6,0_99,7,None,0,None
6,1_15,7,6.0,5,1.0
6,1_24,7,5.4,5,1.5999999999999996
6,1_36,6,3.8,5,2.2
6,1_45,7,3.4,5,3.6
6,1_47,6,3.6,5,2.4
6,1_62,7,5.0,5,2.0
6,1_66,7,6.6,5,0.40000000000000036
6,1_77,7,5.5,4,1.5
6,1_85,7,4.2,5,2.8
6,1_86,6,4.4,5,1.5999999999999996
6,1_97,6,3.6,5,2.4
6,2_7,6,3.0,5,3.0
6,2_11,4,2.5,4,1.5
6,2_14,4,None,0,None
6,2_19,4,None,0,None
6,2_20,5,None,0,None
6,2_23,6,None,0,None
6,2_24,7,None,0,None
6,2_39,4,None,0,None
6,2_40,6,None,0,None
6,2_53,6,None,0,None
6,2_59,6,None,0,None
6,2_64,6,None,0,None
6,2_68,4,None,0,None
6,2_69,3,None,0,None
6,2_74,2,None,0,None
6,2_77,6,None,0,None
6,2_96,3,None,0,None
6,2_99,5,None,0,None
6,4_1,2,None,0,None
6,4_2,2,None,0,None
6,4_3,2,None,0,None
6,4_4,2,None,0,None
6,4_5,2,None,0,None
6,4_6,2,None,0,None
6,4_7,2,None,0,None
6,4_8,2,None,0,None
6,4_9,2,None,0,None
6,4_10,2,None,0,None
7,0_4,6,None,0,None
7,0_5,4,None,0,None
7,0_16,6,None,0,None
7,0_18,4,None,0,None
7,0_20,6,None,0,None
7,0_21,4,None,0,None
7,0_31,2,None,0,None
7,0_38,7,None,0,None
7,0_40,2,None,0,None
7,0_48,4,None,0,None
7,0_52,2,None,0,None
7,0_58,4,None,0,None
7,0_59,7,None,0,None
7,0_61,7,None,0,None
7,0_65,6,None,0,None
7,0_91,7,None,0,None
7,0_94,5,None,0,None
7,0_99,4,None,0,None
7,1_15,7,None,0,None
7,1_24,3,None,0,None
7,1_36,6,None,0,None
7,1_45,4,None,0,None
7,1_47,5,None,0,None
7,1_62,3,None,0,None
7,1_66,7,None,0,None
7,1_77,7,None,0,None
7,1_85,7,None,0,None
7,1_86,5,None,0,None
7,1_97,4,None,0,None
7,2_7,3,None,0,None
7,2_11,3,None,0,None
7,2_14,2,2.6,5,-0.6000000000000001
7,2_19,5,2.8,5,2.2
7,2_20,2,2.8,5,-0.7999999999999998
7,2_23,4,3.4,5,0.6000000000000001
7,2_24,4,2.4,5,1.6
7,2_39,3,3.2,5,-0.20000000000000018
7,2_40,4,2.8,5,1.2000000000000002
7,2_53,4,3.0,5,1.0
7,2_59,6,3.8,5,2.2
7,2_64,3,3.2,5,-0.20000000000000018
7,2_68,2,2.0,5,0.0
7,2_69,2,2.2,5,-0.20000000000000018
7,2_74,2,2.0,5,0.0
7,2_77,3,4.2,5,-1.2000000000000002
7,2_96,2,2.4,5,-0.3999999999999999
7,2_99,3,3.4,5,-0.3999999999999999
7,4_1,2,None,0,None
7,4_2,2,None,0,None
7,4_3,2,None,0,None
7,4_4,2,None,0,None
7,4_5,2,None,0,None
7,4_6,3,None,0,None
7,4_7,2,None,0,None
7,4_8,2,None,0,None
7,4_9,2,None,0,None
7,4_10,2,None,0,None
8,0_4,6,2.8,5,3.2
8,0_5,4,2.8,5,1.2000000000000002
8,0_16,5,3.4,5,1.6
8,0_18,7,3.6,5,3.4
8,0_20,6,3.0,5,3.0
8,0_21,3,3.4,5,-0.3999999999999999
8,0_31,5,4.6,5,0.40000000000000036
8,0_38,6,4.0,5,2.0
8,0_40,4,3.8,5,0.20000000000000018
8,0_48,5,3.8,5,1.2000000000000002
8,0_52,4,2.6,5,1.4
8,0_58,5,3.0,5,2.0
8,0_59,4,2.8,5,1.2000000000000002
8,0_61,6,5.0,5,1.0
8,0_65,3,3.4,5,-0.3999999999999999
8,0_91,6,3.2,5,2.8
8,0_94,7,3.8,5,3.2
8,0_99,3,3.4,5,-0.3999999999999999
8,1_15,7,None,0,None
8,1_24,7,None,0,None
8,1_36,6,None,0,None
8,1_45,5,None,0,None
8,1_47,3,None,0,None
8,1_62,7,None,0,None
8,1_66,7,None,0,None
8,1_77,7,None,0,None
8,1_85,5,None,0,None
8,1_86,7,None,0,None
8,1_97,6,None,0,None
8,2_7,2,None,0,None
8,2_11,2,None,0,None
8,2_14,3,None,0,None
8,2_19,4,None,0,None
8,2_20,2,None,0,None
8,2_23,3,None,0,None
8,2_24,3,None,0,None
8,2_39,2,None,0,None
8,2_40,7,None,0,None
8,2_53,3,None,0,None
8,2_59,4,None,0,None
8,2_64,3,None,0,None
8,2_68,2,None,0,None
8,2_69,2,None,0,None
8,2_74,2,None,0,None
8,2_77,4,None,0,None
8,2_96,2,None,0,None
8,2_99,3,None,0,None
8,4_1,2,None,0,None
8,4_2,2,None,0,None
8,4_3,2,None,0,None
8,4_4,2,None,0,None
8,4_5,2,None,0,None
8,4_6,3,None,0,None
8,4_7,2,None,0,None
8,4_8,2,None,0,None
8,4_9,2,None,0,None
8,4_10,2,None,0,None
9,0_4,4,None,0,None
9,0_5,2,None,0,None
9,0_16,3,None,0,None
9,0_18,3,None,0,None
9,0_20,3,None,0,None
9,0_21,3,None,0,None
9,0_31,3,None,0,None
9,0_38,4,None,0,None
9,0_40,3,None,0,None
9,0_48,4,None,0,None
9,0_52,2,None,0,None
9,0_58,2,None,0,None
9,0_59,3,None,0,None
9,0_61,6,None,0,None
9,0_65,3,None,0,None
9,0_91,4,None,0,None
9,0_94,5,None,0,None
9,0_99,5,None,0,None
9,1_15,6,None,0,None
9,1_24,6,None,0,None
9,1_36,5,None,0,None
9,1_45,3,None,0,None
9,1_47,2,None,0,None
9,1_62,4,None,0,None
9,1_66,4,None,0,None
9,1_77,6,None,0,None
9,1_85,3,None,0,None
9,1_86,2,None,0,None
9,1_97,2,None,0,None
9,2_7,3,None,0,None
9,2_11,2,None,0,None
9,2_14,2,2.0,5,0.0
9,2_19,3,2.4,5,0.6000000000000001
9,2_20,2,3.2,5,-1.2000000000000002
9,2_23,2,2.4,5,-0.3999999999999999
9,2_24,2,2.0,5,0.0
9,2_39,3,3.0,5,0.0
9,2_40,4,2.8,5,1.2000000000000002
9,2_53,2,2.0,5,0.0
9,2_59,4,3.4,5,0.6000000000000001
9,2_64,2,3.0,5,-1.0
9,2_68,3,2.4,5,0.6000000000000001
9,2_69,2,2.0,5,0.0
9,2_74,2,2.0,5,0.0
9,2_77,3,3.2,5,-0.20000000000000018
9,2_96,3,2.8,5,0.20000000000000018
9,2_99,2,3.0,5,-1.0
9,4_1,2,None,0,None
9,4_2,2,None,0,None
9,4_3,2,None,0,None
9,4_4,2,None,0,None
9,4_5,2,None,0,None
9,4_6,2,None,0,None
9,4_7,2,None,0,None
9,4_8,2,None,0,None
9,4_9,2,None,0,None
9,4_10,2,None,0,None
10,0_4,3,3.0,5,0.0
10,0_5,3,2.4,5,0.6000000000000001
10,0_16,4,3.0,5,1.0
10,0_18,6,3.6,5,2.4
10,0_20,2,2.2,5,-0.20000000000000018
10,0_21,2,3.0,5,-1.0
10,0_31,3,3.0,5,0.0
10,0_38,6,3.6,5,2.4
10,0_40,2,2.6,5,-0.6000000000000001
10,0_48,6,5.0,5,1.0
10,0_52,2,2.2,5,-0.20000000000000018
10,0_58,3,3.2,5,-0.20000000000000018
10,0_59,4,2.8,5,1.2000000000000002
10,0_61,5,5.4,5,-0.40000000000000036
10,0_65,6,3.8,5,2.2
10,0_91,4,2.6,5,1.4
10,0_94,5,3.8,5,1.2000000000000002
10,0_99,6,5.0,5,1.0
10,1_15,6,None,0,None
10,1_24,5,None,0,None
10,1_36,6,None,0,None
10,1_45,6,None,0,None
10,1_47,6,None,0,None
10,1_62,6,None,0,None
10,1_66,5,None,0,None
10,1_77,6,None,0,None
10,1_85,5,None,0,None
10,1_86,7,None,0,None
10,1_97,6,None,0,None
10,2_7,6,None,0,None
10,2_11,2,None,0,None
10,2_14,2,None,0,None
10,2_19,2,None,0,None
10,2_20,3,None,0,None
10,2_23,3,None,0,None
10,2_24,6,None,0,None
10,2_39,3,None,0,None
10,2_40,6,None,0,None
10,2_53,3,None,0,None
10,2_59,6,None,0,None
10,2_64,6,None,0,None
10,2_68,2,None,0,None
10,2_69,2,None,0,None
10,2_74,2,None,0,None
10,2_77,3,None,0,None
10,2_96,2,None,0,None
10,2_99,3,None,0,None
10,4_1,2,None,0,None
10,4_2,2,None,0,None
10,4_3,2,None,0,None
10,4_4,2,None,0,None
10,4_5,2,None,0,None
10,4_6,2,None,0,None
10,4_7,2,None,0,None
10,4_8,2,None,0,None
10,4_9,2,None,0,None
10,4_10,2,None,0,None
11,0_4,2,None,0,None
11,0_5,6,None,0,None
11,0_16,2,None,0,None
11,0_18,3,None,0,None
11,0_20,2,None,0,None
11,0_21,4,None,0,None
11,0_31,4,None,0,None
11,0_38,6,None,0,None
11,0_40,3,None,0,None
11,0_48,3,5.0,5,-2.0
11,0_52,2,3.4,5,-1.4
11,0_58,4,4.8,5,-0.7999999999999998
11,0_59,2,3.2,5,-1.2000000000000002
11,0_61,6,5.4,5,0.5999999999999996
11,0_65,3,5.0,5,-2.0
11,0_91,2,3.6,5,-1.6
11,0_94,5,4.2,5,0.7999999999999998
11,0_99,3,5.4,5,-2.4000000000000004
11,1_15,7,6.2,5,0.7999999999999998
11,1_24,6,6.0,5,0.0
11,1_36,4,6.0,5,-2.0
11,1_45,2,3.2,5,-1.2000000000000002
11,1_47,4,3.8,5,0.20000000000000018
11,1_62,7,6.0,5,1.0
11,1_66,4,None,0,None
11,1_77,7,None,0,None
11,1_85,6,None,0,None
11,1_86,4,None,0,None
11,1_97,3,None,0,None
11,2_7,7,None,0,None
11,2_11,2,None,0,None
11,2_14,2,None,0,None
11,2_19,2,None,0,None
11,2_20,7,None,0,None
11,2_23,4,None,0,None
11,2_24,2,None,0,None
11,2_39,6,None,0,None
11,2_40,2,None,0,None
11,2_53,3,None,0,None
11,2_59,2,None,0,None
11,2_64,6,None,0,None
11,2_68,2,None,0,None
11,2_69,2,None,0,None
11,2_74,2,None,0,None
11,2_77,2,None,0,None
11,2_96,2,None,0,None
11,2_99,5,None,0,None
11,4_1,3,None,0,None
11,4_2,2,None,0,None
11,4_3,2,None,0,None
11,4_4,2,None,0,None
11,4_5,2,None,0,None
11,4_6,2,None,0,None
11,4_7,2,None,0,None
11,4_8,2,None,0,None
11,4_9,2,None,0,None
11,4_10,2,None,0,None
12,0_4,5,2.6,5,2.4
12,0_5,2,2.0,5,0.0
12,0_16,4,2.2,5,1.7999999999999998
12,0_18,2,3.8,5,-1.7999999999999998
12,0_20,2,2.2,5,-0.20000000000000018
12,0_21,2,2.6,5,-0.6000000000000001
12,0_31,6,3.0,5,3.0
12,0_38,5,3.8,5,1.2000000000000002
12,0_40,2,3.0,5,-1.0
12,0_48,3,3.6,5,-0.6000000000000001
12,0_52,2,2.4,5,-0.3999999999999999
12,0_58,2,2.0,5,0.0
12,0_59,2,1.8,5,0.19999999999999996
12,0_61,7,3.4,5,3.6
12,0_65,6,2.6,5,3.4
12,0_91,3,3.2,5,-0.20000000000000018
12,0_94,3,2.6,5,0.3999999999999999
12,0_99,5,5.2,5,-0.20000000000000018
12,1_15,4,None,0,None
12,1_24,5,None,0,None
12,1_36,4,None,0,None
12,1_45,4,None,0,None
12,1_47,5,None,0,None
12,1_62,7,None,0,None
12,1_66,7,None,0,None
12,1_77,7,None,0,None
12,1_85,3,None,0,None
12,1_86,5,None,0,None
12,1_97,2,None,0,None
12,2_7,4,None,0,None
12,2_11,2,None,0,None
12,2_14,2,None,0,None
12,2_19,3,None,0,None
12,2_20,2,None,0,None
12,2_23,3,None,0,None
12,2_24,2,None,0,None
12,2_39,4,None,0,None
12,2_40,6,None,0,None
12,2_53,4,None,0,None
12,2_59,4,None,0,None
12,2_64,4,None,0,None
12,2_68,2,None,0,None
12,2_69,2,None,0,None
12,2_74,2,None,0,None
12,2_77,2,None,0,None
12,2_96,2,None,0,None
12,2_99,2,None,0,None
12,4_1,2,None,0,None
12,4_2,4,None,0,None
12,4_3,2,None,0,None
12,4_4,2,None,0,None
12,4_5,3,None,0,None
12,4_6,2,None,0,None
12,4_7,2,None,0,None
12,4_8,2,None,0,None
12,4_9,2,None,0,None
12,4_10,2,None,0,None
13,0_4,7,None,0,None
13,0_5,6,None,0,None
13,0_16,7,None,0,None
13,0_18,6,None,0,None
13,0_20,6,None,0,None
13,0_21,7,None,0,None
13,0_31,7,None,0,None
13,0_38,7,None,0,None
13,0_40,6,None,0,None
13,0_48,7,None,0,None
13,0_52,6,None,0,None
13,0_58,7,None,0,None
13,0_59,7,None,0,None
13,0_61,7,None,0,None
13,0_65,7,None,0,None
13,0_91,7,None,0,None
13,0_94,7,None,0,None
13,0_99,7,None,0,None
13,1_15,7,None,0,None
13,1_24,7,None,0,None
13,1_36,7,None,0,None
13,1_45,7,None,0,None
13,1_47,7,None,0,None
13,1_62,7,None,0,None
13,1_66,7,None,0,None
13,1_77,7,None,0,None
13,1_85,7,None,0,None
13,1_86,7,None,0,None
13,1_97,7,None,0,None
13,2_7,7,None,0,None
13,2_11,7,None,0,None
13,2_14,6,2.8,5,3.2
13,2_19,6,3.6,5,2.4
13,2_20,7,4.6,5,2.4000000000000004
13,2_23,7,3.2,5,3.8
13,2_24,6,2.8,5,3.2
13,2_39,7,4.2,5,2.8
13,2_40,7,4.4,5,2.5999999999999996
13,2_53,7,4.2,5,2.8
13,2_59,6,5.0,5,1.0
13,2_64,6,4.8,5,1.2000000000000002
13,2_68,5,3.2,5,1.7999999999999998
13,2_69,5,2.6,5,2.4
13,2_74,3,2.4,5,0.6000000000000001
13,2_77,7,4.2,5,2.8
13,2_96,5,4.0,5,1.0
13,2_99,6,3.4,5,2.6
13,4_1,5,None,0,None
13,4_2,5,None,0,None
13,4_3,4,None,0,None
13,4_4,5,None,0,None
13,4_5,4,None,0,None
13,4_6,5,None,0,None
13,4_7,2,None,0,None
13,4_8,2,None,0,None
13,4_9,3,None,0,None
13,4_10,2,None,0,None
14,0_4,2,None,0,None
14,0_5,2,None,0,None
14,0_16,2,None,0,None
14,0_18,3,None,0,None
14,0_20,2,None,0,None
14,0_21,2,None,0,None
14,0_31,3,None,0,None
14,0_38,2,None,0,None
14,0_40,3,None,0,None
14,0_48,6,None,0,None
14,0_52,2,None,0,None
14,0_58,2,None,0,None
14,0_59,2,None,0,None
14,0_61,4,None,0,None
14,0_65,2,None,0,None
14,0_91,2,None,0,None
14,0_94,2,None,0,None
14,0_99,3,None,0,None
14,1_15,4,None,0,None
14,1_24,4,None,0,None
14,1_36,2,None,0,None
14,1_45,4,None,0,None
14,1_47,2,None,0,None
14,1_62,4,None,0,None
14,1_66,3,4.2,5,-1.2000000000000002
14,1_77,7,3.2,5,3.8
14,1_85,3,3.2,5,-0.20000000000000018
14,1_86,2,2.6,5,-0.6000000000000001
14,1_97,2,3.4,5,-1.4
14,2_7,2,2.2,5,-0.20000000000000018
14,2_11,2,2.4,5,-0.3999999999999999
14,2_14,2,2.0,5,0.0
14,2_19,2,2.2,5,-0.20000000000000018
14,2_20,3,2.2,5,0.7999999999999998
14,2_23,2,2.6,5,-0.6000000000000001
14,2_24,2,2.0,5,0.0
14,2_39,2,2.0,5,0.0
14,2_40,2,2.2,5,-0.20000000000000018
14,2_53,2,2.4,5,-0.3999999999999999
14,2_59,2,None,0,None
14,2_64,2,None,0,None
14,2_68,2,None,0,None
14,2_69,2,None,0,None
14,2_74,2,None,0,None
14,2_77,2,None,0,None
14,2_96,2,None,0,None
14,2_99,2,None,0,None
14,4_1,2,None,0,None
14,4_2,2,None,0,None
14,4_3,2,None,0,None
14,4_4,2,None,0,None
14,4_5,4,None,0,None
14,4_6,2,None,0,None
14,4_7,2,None,0,None
14,4_8,2,None,0,None
14,4_9,2,None,0,None
14,4_10,2,None,0,None
15,0_4,4,3.6,5,0.3999999999999999
15,0_5,3,2.6,5,0.3999999999999999
15,0_16,4,3.4,5,0.6000000000000001
15,0_18,6,4.2,5,1.7999999999999998
15,0_20,3,3.0,5,0.0
15,0_21,2,3.0,5,-1.0
15,0_31,3,3.8,5,-0.7999999999999998
15,0_38,6,5.0,5,1.0
15,0_40,4,3.2,5,0.7999999999999998
15,0_48,5,4.8,5,0.20000000000000018
15,0_52,3,2.6,5,0.3999999999999999
15,0_58,3,5.0,5,-2.0
15,0_59,5,3.8,5,1.2000000000000002
15,0_61,4,3.8,5,0.20000000000000018
15,0_65,5,4.2,5,0.7999999999999998
15,0_91,2,3.0,5,-1.0
15,0_94,6,3.8,5,2.2
15,0_99,4,4.2,5,-0.20000000000000018
15,1_15,7,None,0,None
15,1_24,6,None,0,None
15,1_36,4,None,0,None
15,1_45,4,None,0,None
15,1_47,4,None,0,None
15,1_62,4,None,0,None
15,1_66,3,None,0,None
15,1_77,3,None,0,None
15,1_85,5,None,0,None
15,1_86,5,None,0,None
15,1_97,3,None,0,None
15,2_7,4,None,0,None
15,2_11,2,None,0,None
15,2_14,2,None,0,None
15,2_19,2,None,0,None
15,2_20,3,None,0,None
15,2_23,5,None,0,None
15,2_24,3,None,0,None
15,2_39,3,None,0,None
15,2_40,6,None,0,None
15,2_53,3,None,0,None
15,2_59,3,None,0,None
15,2_64,4,None,0,None
15,2_68,2,None,0,None
15,2_69,2,None,0,None
15,2_74,2,None,0,None
15,2_77,3,None,0,None
15,2_96,3,None,0,None
15,2_99,2,None,0,None
15,4_1,2,None,0,None
15,4_2,2,None,0,None
15,4_3,2,None,0,None
15,4_4,1,None,0,None
15,4_5,3,None,0,None
15,4_6,3,None,0,None
15,4_7,2,None,0,None
15,4_8,2,None,0,None
15,4_9,2,None,0,None
15,4_10,2,None,0,None
16,0_4,4,None,0,None
16,0_5,3,None,0,None
16,0_16,5,None,0,None
16,0_18,5,None,0,None
16,0_20,6,None,0,None
16,0_21,5,None,0,None
16,0_31,6,None,0,None
16,0_38,6,None,0,None
16,0_40,4,None,0,None
16,0_48,5,None,0,None
16,0_52,5,None,0,None
16,0_58,5,None,0,None
16,0_59,6,None,0,None
16,0_61,4,None,0,None
16,0_65,6,None,0,None
16,0_91,6,None,0,None
16,0_94,4,None,0,None
16,0_99,4,None,0,None
16,1_15,5,None,0,None
16,1_24,7,None,0,None
16,1_36,5,None,0,None
16,1_45,5,None,0,None
16,1_47,6,None,0,None
16,1_62,6,None,0,None
16,1_66,4,6.4,5,-2.4000000000000004
16,1_77,6,5.8,5,0.20000000000000018
16,1_85,6,5.2,5,0.7999999999999998
16,1_86,5,5.2,5,-0.20000000000000018
16,1_97,4,5.8,5,-1.7999999999999998
16,2_7,5,4.4,5,0.5999999999999996
16,2_11,6,5.2,5,0.7999999999999998
16,2_14,3,4.8,5,-1.7999999999999998
16,2_19,4,4.2,5,-0.20000000000000018
16,2_20,4,5.4,5,-1.4000000000000004
16,2_23,4,4.6,5,-0.5999999999999996
16,2_24,5,5.0,5,0.0
16,2_39,5,5.0,5,0.0
16,2_40,7,4.8,5,2.2
16,2_53,4,5.0,5,-1.0
16,2_59,5,None,0,None
16,2_64,4,None,0,None
16,2_68,6,None,0,None
16,2_69,5,None,0,None
16,2_74,6,None,0,None
16,2_77,6,None,0,None
16,2_96,6,None,0,None
16,2_99,6,None,0,None
16,4_1,7,None,0,None
16,4_2,5,None,0,None
16,4_3,6,None,0,None
16,4_4,3,None,0,None
16,4_5,3,None,0,None
16,4_6,4,None,0,None
16,4_7,5,None,0,None
16,4_8,3,None,0,None
16,4_9,4,None,0,None
16,4_10,3,None,0,None
17,0_4,3,4.4,5,-1.4000000000000004
17,0_5,3,4.0,5,-1.0
17,0_16,3,4.2,5,-1.2000000000000002
17,0_18,4,4.4,5,-0.40000000000000036
17,0_20,3,4.2,5,-1.2000000000000002
17,0_21,3,4.2,5,-1.2000000000000002
17,0_31,2,4.2,5,-2.2
17,0_38,2,4.4,5,-2.4000000000000004
17,0_40,3,4.2,5,-1.2000000000000002
17,0_48,2,4.8,5,-2.8
17,0_52,3,4.2,5,-1.2000000000000002
17,0_58,4,4.2,5,-0.20000000000000018
17,0_59,3,4.0,5,-1.0
17,0_61,3,4.2,5,-1.2000000000000002
17,0_65,3,4.8,5,-1.7999999999999998
17,0_91,3,4.4,5,-1.4000000000000004
17,0_94,3,4.8,5,-1.7999999999999998
17,0_99,4,3.8,5,0.20000000000000018
17,1_15,3,None,0,None
17,1_24,3,None,0,None
17,1_36,3,None,0,None
17,1_45,3,None,0,None
17,1_47,2,None,0,None
17,1_62,3,None,0,None
17,1_66,3,None,0,None
17,1_77,2,None,0,None
17,1_85,3,None,0,None
17,1_86,3,None,0,None
17,1_97,4,None,0,None
17,2_7,2,None,0,None
17,2_11,3,None,0,None
17,2_14,4,None,0,None
17,2_19,2,None,0,None
17,2_20,2,None,0,None
17,2_23,3,None,0,None
17,2_24,3,None,0,None
17,2_39,4,None,0,None
17,2_40,4,None,0,None
17,2_53,3,None,0,None
17,2_59,3,None,0,None
17,2_64,3,None,0,None
17,2_68,3,None,0,None
17,2_69,3,None,0,None
17,2_74,4,None,0,None
17,2_77,3,None,0,None
17,2_96,4,None,0,None
17,2_99,3,None,0,None
17,4_1,3,None,0,None
17,4_2,3,None,0,None
17,4_3,3,None,0,None
17,4_4,3,None,0,None
17,4_5,3,None,0,None
17,4_6,4,None,0,None
17,4_7,2,None,0,None
17,4_8,3,None,0,None
17,4_9,3,None,0,None
17,4_10,3,None,0,None
18,0_4,3,4.0,5,-1.0
18,0_5,3,4.6,5,-1.5999999999999996
18,0_16,5,4.0,5,1.0
18,0_18,6,4.2,5,1.7999999999999998
18,0_20,5,4.4,5,0.5999999999999996
18,0_21,3,4.8,5,-1.7999999999999998
18,0_31,3,4.0,5,-1.0
18,0_38,4,4.4,5,-0.40000000000000036
18,0_40,5,4.6,5,0.40000000000000036
18,0_48,6,None,0,None
18,0_52,3,None,0,None
18,0_58,6,None,0,None
18,0_59,5,None,0,None
18,0_61,5,None,0,None
18,0_65,3,None,0,None
18,0_91,5,None,0,None
18,0_94,3,None,0,None
18,0_99,5,None,0,None
18,1_15,6,None,0,None
18,1_24,5,None,0,None
18,1_36,6,None,0,None
18,1_45,4,None,0,None
18,1_47,4,None,0,None
18,1_62,6,None,0,None
18,1_66,3,None,0,None
18,1_77,1,None,0,None
18,1_85,7,None,0,None
18,1_86,4,None,0,None
18,1_97,3,None,0,None
18,2_7,3,None,0,None
18,2_11,5,None,0,None
18,2_14,5,None,0,None
18,2_19,3,None,0,None
18,2_20,6,None,0,None
18,2_23,6,None,0,None
18,2_24,6,None,0,None
18,2_39,4,None,0,None
18,2_40,7,None,0,None
18,2_53,3,None,0,None
18,2_59,4,None,0,None
18,2_64,5,None,0,None
18,2_68,4,None,0,None
18,2_69,6,None,0,None
18,2_74,5,None,0,None
18,2_77,3,None,0,None
18,2_96,4,None,0,None
18,2_99,4,None,0,None
18,4_1,4,4.0,5,0.0
18,4_2,5,3.4,5,1.6
18,4_3,4,4.4,5,-0.40000000000000036
18,4_4,7,3.8,5,3.2
18,4_5,5,5.0,5,0.0
18,4_6,5,4.4,5,0.5999999999999996
18,4_7,4,4.0,5,0.0
18,4_8,6,4.2,5,1.7999999999999998
18,4_9,5,4.2,5,0.7999999999999998
18,4_10,3,3.8,5,-0.7999999999999998
19,0_4,3,None,0,None
19,0_5,4,None,0,None
19,0_16,4,None,0,None
19,0_18,4,None,0,None
19,0_20,3,None,0,None
19,0_21,3,None,0,None
19,0_31,3,None,0,None
19,0_38,3,None,0,None
19,0_40,3,None,0,None
19,0_48,3,None,0,None
19,0_52,4,None,0,None
19,0_58,4,None,0,None
19,0_59,4,None,0,None
19,0_61,2,None,0,None
19,0_65,4,None,0,None
19,0_91,4,None,0,None
19,0_94,4,None,0,None
19,0_99,3,None,0,None
19,1_15,4,None,0,None
19,1_24,3,None,0,None
19,1_36,2,None,0,None
19,1_45,5,None,0,None
19,1_47,3,None,0,None
19,1_62,3,None,0,None
19,1_66,4,4.6,5,-0.5999999999999996
19,1_77,4,3.4,5,0.6000000000000001
19,1_85,4,3.8,5,0.20000000000000018
19,1_86,4,2.8,5,1.2000000000000002
19,1_97,4,2.6,5,1.4
19,2_7,4,2.2,5,1.7999999999999998
19,2_11,2,2.2,5,-0.20000000000000018
19,2_14,4,2.2,5,1.7999999999999998
19,2_19,3,2.8,5,0.20000000000000018
19,2_20,3,2.8,5,0.20000000000000018
19,2_23,3,2.6,5,0.3999999999999999
19,2_24,2,2.2,5,-0.20000000000000018
19,2_39,4,2.6,5,1.4
19,2_40,3,3.0,5,0.0
19,2_53,2,2.8,5,-0.7999999999999998
19,2_59,3,None,0,None
19,2_64,3,None,0,None
19,2_68,3,None,0,None
19,2_69,4,None,0,None
19,2_74,3,None,0,None
19,2_77,3,None,0,None
19,2_96,3,None,0,None
19,2_99,3,None,0,None
19,4_1,3,None,0,None
19,4_2,2,None,0,None
19,4_3,3,None,0,None
19,4_4,5,None,0,None
19,4_5,4,None,0,None
19,4_6,3,None,0,None
19,4_7,4,None,0,None
19,4_8,2,None,0,None
19,4_9,3,None,0,None
19,4_10,3,None,0,None
20,0_4,4,None,0,None
20,0_5,5,None,0,None
20,0_16,6,None,0,None
20,0_18,6,None,0,None
20,0_20,5,None,0,None
20,0_21,5,None,0,None
20,0_31,6,None,0,None
20,0_38,6,None,0,None
20,0_40,6,None,0,None
20,0_48,5,4.8,5,0.20000000000000018
20,0_52,4,3.4,5,0.6000000000000001
20,0_58,6,4.0,5,2.0
20,0_59,6,5.0,5,1.0
20,0_61,7,3.8,5,3.2
20,0_65,6,4.6,5,1.4000000000000004
20,0_91,6,3.6,5,2.4
20,0_94,6,3.4,5,2.6
20,0_99,5,4.2,5,0.7999999999999998
20,1_15,4,3.4,5,0.6000000000000001
20,1_24,6,3.8,5,2.2
20,1_36,4,4.6,5,-0.5999999999999996
20,1_45,4,3.4,5,0.6000000000000001
20,1_47,4,4.8,5,-0.7999999999999998
20,1_62,6,4.0,5,2.0
20,1_66,6,None,0,None
20,1_77,5,None,0,None
20,1_85,7,None,0,None
20,1_86,5,None,0,None
20,1_97,6,None,0,None
20,2_7,4,None,0,None
20,2_11,4,None,0,None
20,2_14,5,None,0,None
20,2_19,5,None,0,None
20,2_20,5,None,0,None
20,2_23,5,None,0,None
20,2_24,4,None,0,None
20,2_39,4,None,0,None
20,2_40,5,None,0,None
20,2_53,6,None,0,None
20,2_59,5,None,0,None
20,2_64,6,None,0,None
20,2_68,6,None,0,None
20,2_69,6,None,0,None
20,2_74,6,None,0,None
20,2_77,5,None,0,None
20,2_96,6,None,0,None
20,2_99,6,None,0,None
20,4_1,4,None,0,None
20,4_2,4,None,0,None
20,4_3,6,None,0,None
20,4_4,4,None,0,None
20,4_5,5,None,0,None
20,4_6,5,None,0,None
20,4_7,4,None,0,None
20,4_8,6,None,0,None
20,4_9,4,None,0,None
20,4_10,4,None,0,None
21,0_4,3,2.2,5,0.7999999999999998
21,0_5,2,2.0,5,0.0
21,0_16,3,2.4,5,0.6000000000000001
21,0_18,3,2.6,5,0.3999999999999999
21,0_20,4,2.2,5,1.7999999999999998
21,0_21,3,2.2,5,0.7999999999999998
21,0_31,3,2.4,5,0.6000000000000001
21,0_38,4,2.8,5,1.2000000000000002
21,0_40,3,2.0,5,1.0
21,0_48,3,3.2,5,-0.20000000000000018
21,0_52,2,2.2,5,-0.20000000000000018
21,0_58,2,2.0,5,0.0
21,0_59,4,2.2,5,1.7999999999999998
21,0_61,4,3.0,5,1.0
21,0_65,4,2.2,5,1.7999999999999998
21,0_91,3,2.4,5,0.6000000000000001
21,0_94,4,2.6,5,1.4
21,0_99,3,2.8,5,0.20000000000000018
21,1_15,4,None,0,None
21,1_24,6,None,0,None
21,1_36,3,None,0,None
21,1_45,3,None,0,None
21,1_47,3,None,0,None
21,1_62,3,None,0,None
21,1_66,4,None,0,None
21,1_77,6,None,0,None
21,1_85,4,None,0,None
21,1_86,2,None,0,None
21,1_97,3,None,0,None
21,2_7,3,None,0,None
21,2_11,2,None,0,None
21,2_14,2,None,0,None
21,2_19,3,None,0,None
21,2_20,3,None,0,None
21,2_23,4,None,0,None
21,2_24,4,None,0,None
21,2_39,3,None,0,None
21,2_40,4,None,0,None
21,2_53,2,None,0,None
21,2_59,4,None,0,None
21,2_64,5,None,0,None
21,2_68,3,None,0,None
21,2_69,3,None,0,None
21,2_74,2,None,0,None
21,2_77,3,None,0,None
21,2_96,4,None,0,None
21,2_99,3,None,0,None
21,4_1,2,None,0,None
21,4_2,2,None,0,None
21,4_3,2,None,0,None
21,4_4,2,None,0,None
21,4_5,2,None,0,None
21,4_6,2,None,0,None
21,4_7,2,None,0,None
21,4_8,2,None,0,None
21,4_9,2,None,0,None
21,4_10,2,None,0,None
22,0_4,5,3.2,5,1.7999999999999998
22,0_5,3,3.6,5,-0.6000000000000001
22,0_16,5,3.8,5,1.2000000000000002
22,0_18,4,4.6,5,-0.5999999999999996
22,0_20,3,3.2,5,-0.20000000000000018
22,0_21,4,4.4,5,-0.40000000000000036
22,0_31,4,3.6,5,0.3999999999999999
22,0_38,6,4.4,5,1.5999999999999996
22,0_40,4,3.6,5,0.3999999999999999
22,0_48,4,None,0,None
22,0_52,3,None,0,None
22,0_58,3,None,0,None
22,0_59,5,None,0,None
22,0_61,4,None,0,None
22,0_65,4,None,0,None
22,0_91,5,None,0,None
22,0_94,3,None,0,None
22,0_99,6,None,0,None
22,1_15,6,None,0,None
22,1_24,5,None,0,None
22,1_36,6,None,0,None
22,1_45,3,None,0,None
22,1_47,4,None,0,None
22,1_62,6,None,0,None
22,1_66,6,None,0,None
22,1_77,7,None,0,None
22,1_85,5,None,0,None
22,1_86,4,None,0,None
22,1_97,5,None,0,None
22,2_7,3,None,0,None
22,2_11,3,None,0,None
22,2_14,3,None,0,None
22,2_19,3,None,0,None
22,2_20,3,None,0,None
22,2_23,3,None,0,None
22,2_24,4,None,0,None
22,2_39,3,None,0,None
22,2_40,4,None,0,None
22,2_53,3,None,0,None
22,2_59,3,None,0,None
22,2_64,5,None,0,None
22,2_68,3,None,0,None
22,2_69,2,None,0,None
22,2_74,4,None,0,None
22,2_77,5,None,0,None
22,2_96,3,None,0,None
22,2_99,4,None,0,None
22,4_1,3,2.4,5,0.6000000000000001
22,4_2,3,3.0,5,0.0
22,4_3,1,2.8,5,-1.7999999999999998
22,4_4,3,3.0,5,0.0
22,4_5,3,3.0,5,0.0
22,4_6,3,2.6,5,0.3999999999999999
22,4_7,2,2.2,5,-0.20000000000000018
22,4_8,2,2.2,5,-0.20000000000000018
22,4_9,2,2.6,5,-0.6000000000000001
22,4_10,3,2.0,5,1.0
23,0_4,5,2.8,5,2.2
23,0_5,5,2.4,5,2.6
23,0_16,6,3.8,5,2.2
23,0_18,7,6.0,5,1.0
23,0_20,4,2.4,5,1.6
23,0_21,5,3.4,5,1.6
23,0_31,6,4.2,5,1.7999999999999998
23,0_38,7,4.4,5,2.5999999999999996
23,0_40,5,3.2,5,1.7999999999999998
23,0_48,7,None,0,None
23,0_52,3,None,0,None
23,0_58,6,None,0,None
23,0_59,6,None,0,None
23,0_61,7,None,0,None
23,0_65,7,None,0,None
23,0_91,5,None,0,None
23,0_94,6,None,0,None
23,0_99,7,None,0,None
23,1_15,7,None,0,None
23,1_24,7,None,0,None
23,1_36,6,None,0,None
23,1_45,7,None,0,None
23,1_47,6,None,0,None
23,1_62,7,None,0,None
23,1_66,7,None,0,None
23,1_77,6,None,0,None
23,1_85,7,None,0,None
23,1_86,7,None,0,None
23,1_97,7,None,0,None
23,2_7,4,None,0,None
23,2_11,3,None,0,None
23,2_14,4,None,0,None
23,2_19,3,None,0,None
23,2_20,4,None,0,None
23,2_23,4,None,0,None
23,2_24,2,None,0,None
23,2_39,3,None,0,None
23,2_40,5,None,0,None
23,2_53,6,None,0,None
23,2_59,4,None,0,None
23,2_64,5,None,0,None
23,2_68,2,None,0,None
23,2_69,2,None,0,None
23,2_74,2,None,0,None
23,2_77,6,None,0,None
23,2_96,2,None,0,None
23,2_99,5,None,0,None
23,4_1,2,2.2,5,-0.20000000000000018
23,4_2,3,2.4,5,0.6000000000000001
23,4_3,2,2.0,5,0.0
23,4_4,2,2.0,5,0.0
23,4_5,3,2.4,5,0.6000000000000001
23,4_6,2,2.4,5,-0.3999999999999999
23,4_7,2,2.0,5,0.0
23,4_8,2,2.0,5,0.0
23,4_9,2,2.0,5,0.0
23,4_10,2,2.2,5,-0.20000000000000018
24,0_4,2,None,0,None
24,0_5,2,None,0,None
24,0_16,2,None,0,None
24,0_18,3,None,0,None
24,0_20,2,None,0,None
24,0_21,2,None,0,None
24,0_31,2,None,0,None
24,0_38,3,None,0,None
24,0_40,2,None,0,None
24,0_48,2,None,0,None
24,0_52,2,None,0,None
24,0_58,2,None,0,None
24,0_59,2,None,0,None
24,0_61,5,None,0,None
24,0_65,2,None,0,None
24,0_91,2,None,0,None
24,0_94,2,None,0,None
24,0_99,2,None,0,None
24,1_15,4,None,0,None
24,1_24,2,None,0,None
24,1_36,3,None,0,None
24,1_45,2,None,0,None
24,1_47,2,None,0,None
24,1_62,2,None,0,None
24,1_66,5,None,0,None
24,1_77,5,None,0,None
24,1_85,4,None,0,None
24,1_86,3,None,0,None
24,1_97,3,None,0,None
24,2_7,2,None,0,None
24,2_11,2,None,0,None
24,2_14,2,None,0,None
24,2_19,2,None,0,None
24,2_20,2,None,0,None
24,2_23,2,None,0,None
24,2_24,2,None,0,None
24,2_39,2,None,0,None
24,2_40,2,None,0,None
24,2_53,2,None,0,None
24,2_59,2,2.4,5,-0.3999999999999999
24,2_64,3,2.0,5,1.0
24,2_68,2,2.2,5,-0.20000000000000018
24,2_69,2,2.2,5,-0.20000000000000018
24,2_74,2,2.0,5,0.0
24,2_77,3,3.0,5,0.0
24,2_96,2,2.2,5,-0.20000000000000018
24,2_99,2,2.4,5,-0.3999999999999999
24,4_1,2,2.0,5,0.0
24,4_2,2,2.0,5,0.0
24,4_3,2,2.0,5,0.0
24,4_4,2,2.0,5,0.0
24,4_5,2,2.0,5,0.0
24,4_6,2,2.0,5,0.0
24,4_7,2,1.8,5,0.19999999999999996
24,4_8,2,2.0,5,0.0
24,4_9,2,2.0,5,0.0
24,4_10,2,2.0,5,0.0
25,0_4,4,None,0,None
25,0_5,2,None,0,None
25,0_16,4,None,0,None
25,0_18,5,None,0,None
25,0_20,3,None,0,None
25,0_21,3,None,0,None
25,0_31,4,None,0,None
25,0_38,4,None,0,None
25,0_40,3,None,0,None
25,0_48,2,None,0,None
25,0_52,5,None,0,None
25,0_58,7,None,0,None
25,0_59,3,None,0,None
25,0_61,4,None,0,None
25,0_65,5,None,0,None
25,0_91,3,None,0,None
25,0_94,7,None,0,None
25,0_99,4,None,0,None
25,1_15,5,None,0,None
25,1_24,7,None,0,None
25,1_36,5,None,0,None
25,1_45,4,None,0,None
25,1_47,2,None,0,None
25,1_62,7,None,0,None
25,1_66,7,None,0,None
25,1_77,7,None,0,None
25,1_85,4,None,0,None
25,1_86,7,None,0,None
25,1_97,3,None,0,None
25,2_7,5,None,0,None
25,2_11,3,None,0,None
25,2_14,4,2.6,5,1.4
25,2_19,2,3.4,5,-1.4
25,2_20,4,3.0,5,1.0
25,2_23,2,3.4,5,-1.4
25,2_24,4,3.2,5,0.7999999999999998
25,2_39,5,4.4,5,0.5999999999999996
25,2_40,4,4.2,5,-0.20000000000000018
25,2_53,4,3.4,5,0.6000000000000001
25,2_59,4,4.4,5,-0.40000000000000036
25,2_64,6,4.0,5,2.0
25,2_68,2,3.0,5,-1.0
25,2_69,2,3.2,5,-1.2000000000000002
25,2_74,2,2.4,5,-0.3999999999999999
25,2_77,5,4.8,5,0.20000000000000018
25,2_96,2,3.0,5,-1.0
25,2_99,3,2.4,5,0.6000000000000001
25,4_1,4,None,0,None
25,4_2,2,None,0,None
25,4_3,2,None,0,None
25,4_4,2,None,0,None
25,4_5,3,None,0,None
25,4_6,2,None,0,None
25,4_7,2,None,0,None
25,4_8,2,None,0,None
25,4_9,2,None,0,None
25,4_10,2,None,0,None
26,0_4,2,3.0,5,-1.0
26,0_5,2,3.6,5,-1.6
26,0_16,4,4.0,5,0.0
26,0_18,7,5.8,5,1.2000000000000002
26,0_20,3,3.2,5,-0.20000000000000018
26,0_21,3,3.2,5,-0.20000000000000018
26,0_31,5,4.8,5,0.20000000000000018
26,0_38,7,5.4,5,1.5999999999999996
26,0_40,3,3.4,5,-0.3999999999999999
26,0_48,7,6.8,5,0.20000000000000018
26,0_52,2,3.0,5,-1.0
26,0_58,2,4.8,5,-2.8
26,0_59,4,4.0,5,0.0
26,0_61,5,5.6,5,-0.5999999999999996
26,0_65,7,6.6,5,0.40000000000000036
26,0_91,6,3.6,5,2.4
26,0_94,5,5.0,5,0.0
26,0_99,7,7.0,5,0.0
26,1_15,7,None,0,None
26,1_24,7,None,0,None
26,1_36,5,None,0,None
26,1_45,5,None,0,None
26,1_47,7,None,0,None
26,1_62,5,None,0,None
26,1_66,7,None,0,None
26,1_77,5,None,0,None
26,1_85,7,None,0,None
26,1_86,7,None,0,None
26,1_97,3,None,0,None
26,2_7,2,None,0,None
26,2_11,2,None,0,None
26,2_14,2,None,0,None
26,2_19,2,None,0,None
26,2_20,2,None,0,None
26,2_23,2,None,0,None
26,2_24,3,None,0,None
26,2_39,2,None,0,None
26,2_40,7,None,0,None
26,2_53,2,None,0,None
26,2_59,2,None,0,None
26,2_64,2,None,0,None
26,2_68,2,None,0,None
26,2_69,2,None,0,None
26,2_74,2,None,0,None
26,2_77,4,None,0,None
26,2_96,2,None,0,None
26,2_99,2,None,0,None
26,4_1,2,None,0,None
26,4_2,2,None,0,None
26,4_3,2,None,0,None
26,4_4,2,None,0,None
26,4_5,2,None,0,None
26,4_6,2,None,0,None
26,4_7,2,None,0,None
26,4_8,2,None,0,None
26,4_9,2,None,0,None
26,4_10,2,None,0,None
27,0_4,2,3.0,5,-1.0
27,0_5,5,2.4,5,2.6
27,0_16,6,3.8,5,2.2
27,0_18,4,5.6,5,-1.5999999999999996
27,0_20,4,3.6,5,0.3999999999999999
27,0_21,4,2.8,5,1.2000000000000002
27,0_31,6,3.4,5,2.6
27,0_38,6,4.8,5,1.2000000000000002
27,0_40,3,3.0,5,0.0
27,0_48,5,None,0,None
27,0_52,3,None,0,None
27,0_58,4,None,0,None
27,0_59,2,None,0,None
27,0_61,5,None,0,None
27,0_65,6,None,0,None
27,0_91,4,None,0,None
27,0_94,5,None,0,None
27,0_99,5,None,0,None
27,1_15,5,None,0,None
27,1_24,6,None,0,None
27,1_36,4,None,0,None
27,1_45,5,None,0,None
27,1_47,5,None,0,None
27,1_62,5,None,0,None
27,1_66,6,None,0,None
27,1_77,6,None,0,None
27,1_85,3,None,0,None
27,1_86,3,None,0,None
27,1_97,5,None,0,None
27,2_7,4,None,0,None
27,2_11,5,None,0,None
27,2_14,2,None,0,None
27,2_19,5,None,0,None
27,2_20,3,None,0,None
27,2_23,2,None,0,None
27,2_24,2,None,0,None
27,2_39,3,None,0,None
27,2_40,2,None,0,None
27,2_53,3,None,0,None
27,2_59,3,None,0,None
27,2_64,3,None,0,None
27,2_68,2,None,0,None
27,2_69,3,None,0,None
27,2_74,2,None,0,None
27,2_77,5,None,0,None
27,2_96,2,None,0,None
27,2_99,3,None,0,None
27,4_1,2,2.2,5,-0.20000000000000018
27,4_2,2,2.4,5,-0.3999999999999999
27,4_3,2,2.4,5,-0.3999999999999999
27,4_4,4,2.0,5,2.0
27,4_5,2,2.0,5,0.0
27,4_6,2,2.0,5,0.0
27,4_7,2,2.2,5,-0.20000000000000018
27,4_8,2,2.0,5,0.0
27,4_9,2,2.2,5,-0.20000000000000018
27,4_10,2,2.4,5,-0.3999999999999999
28,0_4,4,None,0,None
28,0_5,2,None,0,None
28,0_16,5,None,0,None
28,0_18,5,None,0,None
28,0_20,2,None,0,None
28,0_21,4,None,0,None
28,0_31,4,None,0,None
28,0_38,6,None,0,None
28,0_40,5,None,0,None
28,0_48,3,3.4,5,-0.3999999999999999
28,0_52,3,2.4,5,0.6000000000000001
28,0_58,2,2.6,5,-0.6000000000000001
28,0_59,4,3.0,5,1.0
28,0_61,4,4.6,5,-0.5999999999999996
28,0_65,4,3.0,5,1.0
28,0_91,5,3.0,5,2.0
28,0_94,5,3.0,5,2.0
28,0_99,2,4.8,5,-2.8
28,1_15,6,4.8,5,1.2000000000000002
28,1_24,5,4.8,5,0.20000000000000018
28,1_36,2,4.0,5,-2.0
28,1_45,6,2.0,5,4.0
28,1_47,5,3.4,5,1.6
28,1_62,7,4.0,5,3.0
28,1_66,7,None,0,None
28,1_77,7,None,0,None
28,1_85,3,None,0,None
28,1_86,2,None,0,None
28,1_97,2,None,0,None
28,2_7,3,None,0,None
28,2_11,3,None,0,None
28,2_14,2,None,0,None
28,2_19,3,None,0,None
28,2_20,3,None,0,None
28,2_23,3,None,0,None
28,2_24,3,None,0,None
28,2_39,4,None,0,None
28,2_40,2,None,0,None
28,2_53,3,None,0,None
28,2_59,4,None,0,None
28,2_64,4,None,0,None
28,2_68,2,None,0,None
28,2_69,2,None,0,None
28,2_74,2,None,0,None
28,2_77,3,None,0,None
28,2_96,2,None,0,None
28,2_99,4,None,0,None
28,4_1,2,None,0,None
28,4_2,2,None,0,None
28,4_3,2,None,0,None
28,4_4,2,None,0,None
28,4_5,2,None,0,None
28,4_6,2,None,0,None
28,4_7,2,None,0,None
28,4_8,2,None,0,None
28,4_9,2,None,0,None
28,4_10,2,None,0,None
29,0_4,4,None,0,None
29,0_5,3,None,0,None
29,0_16,4,None,0,None
29,0_18,3,None,0,None
29,0_20,4,None,0,None
29,0_21,4,None,0,None
29,0_31,4,None,0,None
29,0_38,3,None,0,None
29,0_40,4,None,0,None
29,0_48,4,None,0,None
29,0_52,3,None,0,None
29,0_58,4,None,0,None
29,0_59,4,None,0,None
29,0_61,3,None,0,None
29,0_65,4,None,0,None
29,0_91,3,None,0,None
29,0_94,4,None,0,None
29,0_99,3,None,0,None
29,1_15,3,None,0,None
29,1_24,4,None,0,None
29,1_36,3,None,0,None
29,1_45,3,None,0,None
29,1_47,3,None,0,None
29,1_62,4,None,0,None
29,1_66,3,4.0,5,-1.0
29,1_77,3,3.6,5,-0.6000000000000001
29,1_85,3,3.6,5,-0.6000000000000001
29,1_86,4,3.8,5,0.20000000000000018
29,1_97,3,3.2,5,-0.20000000000000018
29,2_7,3,4.0,5,-1.0
29,2_11,3,3.8,5,-0.7999999999999998
29,2_14,4,4.0,5,0.0
29,2_19,3,3.8,5,-0.7999999999999998
29,2_20,4,4.0,5,0.0
29,2_23,3,3.4,5,-0.3999999999999999
29,2_24,3,4.2,5,-1.2000000000000002
29,2_39,4,3.6,5,0.3999999999999999
29,2_40,3,4.2,5,-1.2000000000000002
29,2_53,3,4.0,5,-1.0
29,2_59,4,None,0,None
29,2_64,4,None,0,None
29,2_68,4,None,0,None
29,2_69,5,None,0,None
29,2_74,3,None,0,None
29,2_77,3,None,0,None
29,2_96,3,None,0,None
29,2_99,3,None,0,None
29,4_1,3,None,0,None
29,4_2,3,None,0,None
29,4_3,4,None,0,None
29,4_4,3,None,0,None
29,4_5,4,None,0,None
29,4_6,4,None,0,None
29,4_7,3,None,0,None
29,4_8,3,None,0,None
29,4_9,3,None,0,None
29,4_10,3,None,0,None
30,0_4,2,2.4,5,-0.3999999999999999
30,0_5,2,2.0,5,0.0
30,0_16,2,2.6,5,-0.6000000000000001
30,0_18,2,2.4,5,-0.3999999999999999
30,0_20,2,2.0,5,0.0
30,0_21,2,2.4,5,-0.3999999999999999
30,0_31,2,2.0,5,0.0
30,0_38,3,3.6,5,-0.6000000000000001
30,0_40,2,2.0,5,0.0
30,0_48,3,3.6,5,-0.6000000000000001
30,0_52,2,2.2,5,-0.20000000000000018
30,0_58,2,2.4,5,-0.3999999999999999
30,0_59,3,3.4,5,-0.3999999999999999
30,0_61,3,2.8,5,0.20000000000000018
30,0_65,2,2.6,5,-0.6000000000000001
30,0_91,2,3.2,5,-1.2000000000000002
30,0_94,3,2.2,5,0.7999999999999998
30,0_99,2,3.8,5,-1.7999999999999998
30,1_15,3,None,0,None
30,1_24,6,None,0,None
30,1_36,2,None,0,None
30,1_45,2,None,0,None
30,1_47,2,None,0,None
30,1_62,7,None,0,None
30,1_66,4,None,0,None
30,1_77,3,None,0,None
30,1_85,2,None,0,None
30,1_86,2,None,0,None
30,1_97,2,None,0,None
30,2_7,2,None,0,None
30,2_11,2,None,0,None
30,2_14,2,None,0,None
30,2_19,2,None,0,None
30,2_20,2,None,0,None
30,2_23,2,None,0,None
30,2_24,2,None,0,None
30,2_39,2,None,0,None
30,2_40,5,None,0,None
30,2_53,2,None,0,None
30,2_59,2,None,0,None
30,2_64,2,None,0,None
30,2_68,2,None,0,None
30,2_69,2,None,0,None
30,2_74,2,None,0,None
30,2_77,2,None,0,None
30,2_96,2,None,0,None
30,2_99,3,None,0,None
30,4_1,2,None,0,None
30,4_2,2,None,0,None
30,4_3,2,None,0,None
30,4_4,2,None,0,None
30,4_5,2,None,0,None
30,4_6,2,None,0,None
30,4_7,2,None,0,None
30,4_8,2,None,0,None
30,4_9,2,None,0,None
30,4_10,2,None,0,None
31,0_4,5,None,0,None
31,0_5,2,None,0,None
31,0_16,4,None,0,None
31,0_18,6,None,0,None
31,0_20,3,None,0,None
31,0_21,3,None,0,None
31,0_31,5,None,0,None
31,0_38,6,None,0,None
31,0_40,4,None,0,None
31,0_48,6,5.0,5,1.0
31,0_52,4,2.6,5,1.4
31,0_58,3,4.0,5,-1.0
31,0_59,4,4.0,5,0.0
31,0_61,4,4.2,5,-0.20000000000000018
31,0_65,5,4.8,5,0.20000000000000018
31,0_91,5,4.0,5,1.0
31,0_94,5,3.6,5,1.4
31,0_99,5,5.0,5,0.0
31,1_15,6,5.0,5,1.0
31,1_24,5,4.6,5,0.40000000000000036
31,1_36,5,4.8,5,0.20000000000000018
31,1_45,3,3.8,5,-0.7999999999999998
31,1_47,4,2.6,5,1.4
31,1_62,5,4.2,5,0.7999999999999998
31,1_66,5,None,0,None
31,1_77,3,None,0,None
31,1_85,5,None,0,None
31,1_86,2,None,0,None
31,1_97,4,None,0,None
31,2_7,2,None,0,None
31,2_11,4,None,0,None
31,2_14,3,None,0,None
31,2_19,2,None,0,None
31,2_20,2,None,0,None
31,2_23,2,None,0,None
31,2_24,2,None,0,None
31,2_39,2,None,0,None
31,2_40,4,None,0,None
31,2_53,3,None,0,None
31,2_59,6,None,0,None
31,2_64,4,None,0,None
31,2_68,3,None,0,None
31,2_69,2,None,0,None
31,2_74,2,None,0,None
31,2_77,3,None,0,None
31,2_96,3,None,0,None
31,2_99,2,None,0,None
31,4_1,3,None,0,None
31,4_2,3,None,0,None
31,4_3,2,None,0,None
31,4_4,2,None,0,None
31,4_5,2,None,0,None
31,4_6,2,None,0,None
31,4_7,2,None,0,None
31,4_8,2,None,0,None
31,4_9,2,None,0,None
31,4_10,2,None,0,None
32,0_4,6,None,0,None
32,0_5,2,None,0,None
32,0_16,4,None,0,None
32,0_18,7,None,0,None
32,0_20,6,None,0,None
32,0_21,7,None,0,None
32,0_31,4,None,0,None
32,0_38,3,None,0,None
32,0_40,4,None,0,None
32,0_48,4,None,0,None
32,0_52,2,None,0,None
32,0_58,3,None,0,None
32,0_59,4,None,0,None
32,0_61,4,None,0,None
32,0_65,2,None,0,None
32,0_91,4,None,0,None
32,0_94,4,None,0,None
32,0_99,4,None,0,None
32,1_15,6,None,0,None
32,1_24,6,None,0,None
32,1_36,4,None,0,None
32,1_45,3,None,0,None
32,1_47,3,None,0,None
32,1_62,5,None,0,None
32,1_66,7,None,0,None
32,1_77,7,None,0,None
32,1_85,4,None,0,None
32,1_86,4,None,0,None
32,1_97,3,None,0,None
32,2_7,2,None,0,None
32,2_11,2,None,0,None
32,2_14,2,None,0,None
32,2_19,2,None,0,None
32,2_20,3,None,0,None
32,2_23,2,None,0,None
32,2_24,2,None,0,None
32,2_39,6,None,0,None
32,2_40,3,None,0,None
32,2_53,2,None,0,None
32,2_59,2,2.4,5,-0.3999999999999999
32,2_64,4,2.8,5,1.2000000000000002
32,2_68,2,2.0,5,0.0
32,2_69,2,2.0,5,0.0
32,2_74,2,2.0,5,0.0
32,2_77,4,3.0,5,1.0
32,2_96,3,2.8,5,0.20000000000000018
32,2_99,2,2.2,5,-0.20000000000000018
32,4_1,2,2.0,5,0.0
32,4_2,2,2.0,5,0.0
32,4_3,2,2.0,5,0.0
32,4_4,2,2.0,5,0.0
32,4_5,2,2.0,5,0.0
32,4_6,2,2.0,5,0.0
32,4_7,2,2.0,5,0.0
32,4_8,2,2.2,5,-0.20000000000000018
32,4_9,2,2.0,5,0.0
32,4_10,2,2.0,5,0.0
33,0_4,3,None,0,None
33,0_5,2,None,0,None
33,0_16,5,None,0,None
33,0_18,4,None,0,None
33,0_20,3,None,0,None
33,0_21,4,None,0,None
33,0_31,3,None,0,None
33,0_38,5,None,0,None
33,0_40,2,None,0,None
33,0_48,3,None,0,None
33,0_52,2,None,0,None
33,0_58,3,None,0,None
33,0_59,3,None,0,None
33,0_61,3,None,0,None
33,0_65,5,None,0,None
33,0_91,2,None,0,None
33,0_94,4,None,0,None
33,0_99,4,None,0,None
33,1_15,5,3.0,5,2.0
33,1_24,4,3.6,5,0.3999999999999999
33,1_36,3,3.0,5,0.0
33,1_45,3,3.6,5,-0.6000000000000001
33,1_47,4,3.8,5,0.20000000000000018
33,1_62,4,4.2,5,-0.20000000000000018
33,1_66,4,3.2,5,0.7999999999999998
33,1_77,4,3.0,5,1.0
33,1_85,2,4.0,5,-2.0
33,1_86,3,3.0,5,0.0
33,1_97,2,2.6,5,-0.6000000000000001
33,2_7,3,3.6,5,-0.6000000000000001
33,2_11,3,2.6,5,0.3999999999999999
33,2_14,3,None,0,None
33,2_19,3,None,0,None
33,2_20,2,None,0,None
33,2_23,2,None,0,None
33,2_24,2,None,0,None
33,2_39,3,None,0,None
33,2_40,2,None,0,None
33,2_53,3,None,0,None
33,2_59,3,None,0,None
33,2_64,3,None,0,None
33,2_68,3,None,0,None
33,2_69,3,None,0,None
33,2_74,3,None,0,None
33,2_77,2,None,0,None
33,2_96,2,None,0,None
33,2_99,3,None,0,None
33,4_1,3,None,0,None
33,4_2,3,None,0,None
33,4_3,2,None,0,None
33,4_4,4,None,0,None
33,4_5,2,None,0,None
33,4_6,3,None,0,None
33,4_7,2,None,0,None
33,4_8,3,None,0,None
33,4_9,2,None,0,None
33,4_10,2,None,0,None
34,0_4,2,2.0,5,0.0
34,0_5,2,2.0,5,0.0
34,0_16,2,2.0,5,0.0
34,0_18,2,2.0,5,0.0
34,0_20,2,2.0,5,0.0
34,0_21,2,2.0,5,0.0
34,0_31,2,2.0,5,0.0
34,0_38,2,2.0,5,0.0
34,0_40,2,2.2,5,-0.20000000000000018
34,0_48,2,None,0,None
34,0_52,1,None,0,None
34,0_58,2,None,0,None
34,0_59,2,None,0,None
34,0_61,2,None,0,None
34,0_65,2,None,0,None
34,0_91,2,None,0,None
34,0_94,2,None,0,None
34,0_99,2,None,0,None
34,1_15,1,None,0,None
34,1_24,2,None,0,None
34,1_36,2,None,0,None
34,1_45,2,None,0,None
34,1_47,2,None,0,None
34,1_62,2,None,0,None
34,1_66,2,None,0,None
34,1_77,2,None,0,None
34,1_85,2,None,0,None
34,1_86,2,None,0,None
34,1_97,2,None,0,None
34,2_7,2,None,0,None
34,2_11,2,None,0,None
34,2_14,2,None,0,None
34,2_19,2,None,0,None
34,2_20,2,None,0,None
34,2_23,2,None,0,None
34,2_24,2,None,0,None
34,2_39,2,None,0,None
34,2_40,2,None,0,None
34,2_53,2,None,0,None
34,2_59,2,None,0,None
34,2_64,2,None,0,None
34,2_68,2,None,0,None
34,2_69,2,None,0,None
34,2_74,2,None,0,None
34,2_77,2,None,0,None
34,2_96,2,None,0,None
34,2_99,3,None,0,None
34,4_1,2,2.0,5,0.0
34,4_2,2,2.0,5,0.0
34,4_3,2,2.0,5,0.0
34,4_4,2,2.0,5,0.0
34,4_5,2,2.0,5,0.0
34,4_6,2,2.0,5,0.0
34,4_7,2,2.0,5,0.0
34,4_8,2,2.0,5,0.0
34,4_9,2,2.0,5,0.0
34,4_10,2,2.0,5,0.0
35,0_4,5,None,0,None
35,0_5,4,None,0,None
35,0_16,7,None,0,None
35,0_18,6,None,0,None
35,0_20,6,None,0,None
35,0_21,4,None,0,None
35,0_31,3,None,0,None
35,0_38,5,None,0,None
35,0_40,3,None,0,None
35,0_48,6,None,0,None
35,0_52,3,None,0,None
35,0_58,3,None,0,None
35,0_59,6,None,0,None
35,0_61,5,None,0,None
35,0_65,3,None,0,None
35,0_91,4,None,0,None
35,0_94,4,None,0,None
35,0_99,3,None,0,None
35,1_15,6,None,0,None
35,1_24,5,None,0,None
35,1_36,4,None,0,None
35,1_45,5,None,0,None
35,1_47,6,None,0,None
35,1_62,7,None,0,None
35,1_66,7,None,0,None
35,1_77,7,None,0,None
35,1_85,6,None,0,None
35,1_86,7,None,0,None
35,1_97,5,None,0,None
35,2_7,3,None,0,None
35,2_11,3,None,0,None
35,2_14,3,None,0,None
35,2_19,5,None,0,None
35,2_20,4,None,0,None
35,2_23,4,None,0,None
35,2_24,4,None,0,None
35,2_39,5,None,0,None
35,2_40,7,None,0,None
35,2_53,4,None,0,None
35,2_59,6,3.6,5,2.4
35,2_64,5,5.0,5,0.0
35,2_68,4,3.0,5,1.0
35,2_69,2,2.4,5,-0.3999999999999999
35,2_74,3,2.6,5,0.3999999999999999
35,2_77,5,3.6,5,1.4
35,2_96,4,4.0,5,0.0
35,2_99,6,4.0,5,2.0
35,4_1,2,2.2,5,-0.20000000000000018
35,4_2,2,2.4,5,-0.3999999999999999
35,4_3,2,2.6,5,-0.6000000000000001
35,4_4,3,3.0,5,0.0
35,4_5,3,2.8,5,0.20000000000000018
35,4_6,2,3.0,5,-1.0
35,4_7,2,2.0,5,0.0
35,4_8,2,2.0,5,0.0
35,4_9,2,2.2,5,-0.20000000000000018
35,4_10,2,2.2,5,-0.20000000000000018
36,0_4,5,None,0,None
36,0_5,6,None,0,None
36,0_16,5,None,0,None
36,0_18,7,None,0,None
36,0_20,6,None,0,None
36,0_21,7,None,0,None
36,0_31,6,None,0,None
36,0_38,6,None,0,None
36,0_40,4,None,0,None
36,0_48,4,None,0,None
36,0_52,6,None,0,None
36,0_58,5,None,0,None
36,0_59,6,None,0,None
36,0_61,6,None,0,None
36,0_65,5,None,0,None
36,0_91,6,None,0,None
36,0_94,7,None,0,None
36,0_99,4,None,0,None
36,1_15,7,None,0,None
36,1_24,6,None,0,None
36,1_36,3,None,0,None
36,1_45,5,None,0,None
36,1_47,5,None,0,None
36,1_62,5,None,0,None
36,1_66,6,None,0,None
36,1_77,7,None,0,None
36,1_85,5,None,0,None
36,1_86,5,None,0,None
36,1_97,4,None,0,None
36,2_7,7,None,0,None
36,2_11,6,None,0,None
36,2_14,5,3.0,5,2.0
36,2_19,5,3.4,5,1.6
36,2_20,5,5.2,5,-0.20000000000000018
36,2_23,6,4.0,5,2.0
36,2_24,4,4.0,5,0.0
36,2_39,5,3.8,5,1.2000000000000002
36,2_40,5,4.4,5,0.5999999999999996
36,2_53,7,4.0,5,3.0
36,2_59,6,3.4,5,2.6
36,2_64,6,4.4,5,1.5999999999999996
36,2_68,5,3.8,5,1.2000000000000002
36,2_69,5,3.6,5,1.4
36,2_74,6,4.0,5,2.0
36,2_77,3,3.4,5,-0.3999999999999999
36,2_96,2,4.0,5,-2.0
36,2_99,5,3.6,5,1.4
36,4_1,2,None,0,None
36,4_2,5,None,0,None
36,4_3,2,None,0,None
36,4_4,5,None,0,None
36,4_5,5,None,0,None
36,4_6,5,None,0,None
36,4_7,2,None,0,None
36,4_8,6,None,0,None
36,4_9,6,None,0,None
36,4_10,7,None,0,None
37,0_4,3,4.4,5,-1.4000000000000004
37,0_5,2,3.8,5,-1.7999999999999998
37,0_16,5,5.0,5,0.0
37,0_18,5,6.6,5,-1.5999999999999996
37,0_20,4,4.8,5,-0.7999999999999998
37,0_21,4,5.2,5,-1.2000000000000002
37,0_31,6,6.2,5,-0.20000000000000018
37,0_38,7,6.4,5,0.5999999999999996
37,0_40,6,5.6,5,0.40000000000000036
37,0_48,7,None,0,None
37,0_52,5,None,0,None
37,0_58,5,None,0,None
37,0_59,5,None,0,None
37,0_61,7,None,0,None
37,0_65,5,None,0,None
37,0_91,6,None,0,None
37,0_94,2,None,0,None
37,0_99,4,None,0,None
37,1_15,7,None,0,None
37,1_24,6,None,0,None
37,1_36,6,None,0,None
37,1_45,5,None,0,None
37,1_47,5,None,0,None
37,1_62,7,None,0,None
37,1_66,6,None,0,None
37,1_77,5,None,0,None
37,1_85,6,None,0,None
37,1_86,3,None,0,None
37,1_97,6,None,0,None
37,2_7,3,None,0,None
37,2_11,3,None,0,None
37,2_14,3,None,0,None
37,2_19,3,None,0,None
37,2_20,7,None,0,None
37,2_23,3,None,0,None
37,2_24,6,None,0,None
37,2_39,3,None,0,None
37,2_40,3,None,0,None
37,2_53,5,None,0,None
37,2_59,6,None,0,None
37,2_64,3,None,0,None
37,2_68,4,None,0,None
37,2_69,3,None,0,None
37,2_74,3,None,0,None
37,2_77,4,None,0,None
37,2_96,2,None,0,None
37,2_99,4,None,0,None
37,4_1,2,3.2,5,-1.2000000000000002
37,4_2,3,2.6,5,0.3999999999999999
37,4_3,3,2.8,5,0.20000000000000018
37,4_4,3,4.2,5,-1.2000000000000002
37,4_5,2,4.2,5,-2.2
37,4_6,4,3.6,5,0.3999999999999999
37,4_7,2,2.6,5,-0.6000000000000001
37,4_8,2,2.2,5,-0.20000000000000018
37,4_9,2,2.0,5,0.0
37,4_10,2,2.4,5,-0.3999999999999999
38,0_4,2,None,0,None
38,0_5,7,None,0,None
38,0_16,7,None,0,None
38,0_18,2,None,0,None
38,0_20,7,None,0,None
38,0_21,7,None,0,None
38,0_31,2,None,0,None
38,0_38,2,None,0,None
38,0_40,2,None,0,None
38,0_48,3,None,0,None
38,0_52,2,None,0,None
38,0_58,7,None,0,None
38,0_59,2,None,0,None
38,0_61,2,None,0,None
38,0_65,2,None,0,None
38,0_91,2,None,0,None
38,0_94,7,None,0,None
38,0_99,7,None,0,None
38,1_15,2,3.0,5,-1.0
38,1_24,2,3.0,5,-1.0
38,1_36,7,5.2,5,1.7999999999999998
38,1_45,7,4.8,5,2.2
38,1_47,5,3.2,5,1.7999999999999998
38,1_62,7,2.4,5,4.6
38,1_66,2,3.0,5,-1.0
38,1_77,3,4.2,5,-1.2000000000000002
38,1_85,7,4.2,5,2.8
38,1_86,6,5.4,5,0.5999999999999996
38,1_97,6,3.6,5,2.4
38,2_7,7,3.8,5,3.2
38,2_11,7,2.8,5,4.2
38,2_14,2,None,0,None
38,2_19,7,None,0,None
38,2_20,2,None,0,None
38,2_23,7,None,0,None
38,2_24,7,None,0,None
38,2_39,7,None,0,None
38,2_40,7,None,0,None
38,2_53,7,None,0,None
38,2_59,7,None,0,None
38,2_64,2,None,0,None
38,2_68,7,None,0,None
38,2_69,2,None,0,None
38,2_74,2,None,0,None
38,2_77,2,None,0,None
38,2_96,3,None,0,None
38,2_99,4,None,0,None
38,4_1,2,None,0,None
38,4_2,2,None,0,None
38,4_3,2,None,0,None
38,4_4,2,None,0,None
38,4_5,2,None,0,None
38,4_6,2,None,0,None
38,4_7,2,None,0,None
38,4_8,2,None,0,None
38,4_9,2,None,0,None
38,4_10,2,None,0,None
39,0_4,3,None,0,None
39,0_5,5,None,0,None
39,0_16,3,None,0,None
39,0_18,4,None,0,None
39,0_20,3,None,0,None
39,0_21,4,None,0,None
39,0_31,3,None,0,None
39,0_38,5,None,0,None
39,0_40,3,None,0,None
39,0_48,5,None,0,None
39,0_52,2,None,0,None
39,0_58,4,None,0,None
39,0_59,5,None,0,None
39,0_61,3,None,0,None
39,0_65,4,None,0,None
39,0_91,3,None,0,None
39,0_94,4,None,0,None
39,0_99,3,None,0,None
39,1_15,4,None,0,None
39,1_24,3,None,0,None
39,1_36,5,None,0,None
39,1_45,4,None,0,None
39,1_47,3,None,0,None
39,1_62,5,None,0,None
39,1_66,5,None,0,None
39,1_77,4,None,0,None
39,1_85,3,None,0,None
39,1_86,3,None,0,None
39,1_97,4,None,0,None
39,2_7,4,None,0,None
39,2_11,3,None,0,None
39,2_14,2,None,0,None
39,2_19,3,None,0,None
39,2_20,4,None,0,None
39,2_23,3,None,0,None
39,2_24,4,None,0,None
39,2_39,4,None,0,None
39,2_40,3,None,0,None
39,2_53,3,None,0,None
39,2_59,4,3.0,5,1.0
39,2_64,4,3.2,5,0.7999999999999998
39,2_68,3,4.6,5,-1.5999999999999996
39,2_69,5,4.6,5,0.40000000000000036
39,2_74,6,3.8,5,2.2
39,2_77,5,3.8,5,1.2000000000000002
39,2_96,3,4.6,5,-1.5999999999999996
39,2_99,3,4.0,5,-1.0
39,4_1,3,4.8,5,-1.7999999999999998
39,4_2,5,4.4,5,0.5999999999999996
39,4_3,5,4.0,5,1.0
39,4_4,5,5.0,5,0.0
39,4_5,4,3.2,5,0.7999999999999998
39,4_6,5,3.8,5,1.2000000000000002
39,4_7,5,3.4,5,1.6
39,4_8,3,3.8,5,-0.7999999999999998
39,4_9,3,3.4,5,-0.3999999999999999
39,4_10,4,3.8,5,0.20000000000000018
40,0_4,4,4.4,5,-0.40000000000000036
40,0_5,3,4.2,5,-1.2000000000000002
40,0_16,5,4.2,5,0.7999999999999998
40,0_18,3,4.8,5,-1.7999999999999998
40,0_20,3,4.0,5,-1.0
40,0_21,5,5.2,5,-0.20000000000000018
40,0_31,3,5.8,5,-2.8
40,0_38,7,6.2,5,0.7999999999999998
40,0_40,7,4.6,5,2.4000000000000004
40,0_48,7,None,0,None
40,0_52,2,None,0,None
40,0_58,5,None,0,None
40,0_59,2,None,0,None
40,0_61,5,None,0,None
40,0_65,6,None,0,None
40,0_91,2,None,0,None
40,0_94,2,None,0,None
40,0_99,7,None,0,None
40,1_15,7,None,0,None
40,1_24,7,None,0,None
40,1_36,7,None,0,None
40,1_45,5,None,0,None
40,1_47,6,None,0,None
40,1_62,6,None,0,None
40,1_66,6,None,0,None
40,1_77,7,None,0,None
40,1_85,5,None,0,None
40,1_86,4,None,0,None
40,1_97,5,None,0,None
40,2_7,5,None,0,None
40,2_11,3,None,0,None
40,2_14,2,None,0,None
40,2_19,2,None,0,None
40,2_20,2,None,0,None
40,2_23,5,None,0,None
40,2_24,2,None,0,None
40,2_39,2,None,0,None
40,2_40,3,None,0,None
40,2_53,4,None,0,None
40,2_59,2,None,0,None
40,2_64,3,None,0,None
40,2_68,3,None,0,None
40,2_69,2,None,0,None
40,2_74,3,None,0,None
40,2_77,2,None,0,None
40,2_96,3,None,0,None
40,2_99,5,None,0,None
40,4_1,2,2.8,5,-0.7999999999999998
40,4_2,3,3.6,5,-0.6000000000000001
40,4_3,2,2.4,5,-0.3999999999999999
40,4_4,3,3.8,5,-0.7999999999999998
40,4_5,3,4.2,5,-1.2000000000000002
40,4_6,3,3.8,5,-0.7999999999999998
40,4_7,2,2.0,5,0.0
40,4_8,2,2.2,5,-0.20000000000000018
40,4_9,2,2.0,5,0.0
40,4_10,2,2.0,5,0.0
41,0_4,7,None,0,None
41,0_5,3,None,0,None
41,0_16,6,None,0,None
41,0_18,7,None,0,None
41,0_20,6,None,0,None
41,0_21,5,None,0,None
41,0_31,7,None,0,None
41,0_38,7,None,0,None
41,0_40,6,None,0,None
41,0_48,7,None,0,None
41,0_52,6,None,0,None
41,0_58,6,None,0,None
41,0_59,6,None,0,None
41,0_61,5,None,0,None
41,0_65,4,None,0,None
41,0_91,2,None,0,None
41,0_94,7,None,0,None
41,0_99,6,None,0,None
41,1_15,7,6.2,5,0.7999999999999998
41,1_24,7,4.6,5,2.4000000000000004
41,1_36,6,4.6,5,1.4000000000000004
41,1_45,7,2.4,5,4.6
41,1_47,7,3.2,5,3.8
41,1_62,7,4.6,5,2.4000000000000004
41,1_66,7,6.0,5,1.0
41,1_77,7,5.4,5,1.5999999999999996
41,1_85,7,4.0,5,3.0
41,1_86,7,3.0,5,4.0
41,1_97,4,3.0,5,1.0
41,2_7,4,2.2,5,1.7999999999999998
41,2_11,3,2.0,5,1.0
41,2_14,2,None,0,None
41,2_19,6,None,0,None
41,2_20,3,None,0,None
41,2_23,6,None,0,None
41,2_24,3,None,0,None
41,2_39,6,None,0,None
41,2_40,7,None,0,None
41,2_53,5,None,0,None
41,2_59,7,None,0,None
41,2_64,5,None,0,None
41,2_68,2,None,0,None
41,2_69,2,None,0,None
41,2_74,2,None,0,None
41,2_77,4,None,0,None
41,2_96,2,None,0,None
41,2_99,2,None,0,None
41,4_1,2,None,0,None
41,4_2,2,None,0,None
41,4_3,2,None,0,None
41,4_4,2,None,0,None
41,4_5,2,None,0,None
41,4_6,2,None,0,None
41,4_7,3,None,0,None
41,4_8,2,None,0,None
41,4_9,2,None,0,None
41,4_10,2,None,0,None
42,0_4,4,None,0,None
42,0_5,3,None,0,None
42,0_16,4,None,0,None
42,0_18,4,None,0,None
42,0_20,2,None,0,None
42,0_21,3,None,0,None
42,0_31,3,None,0,None
42,0_38,5,None,0,None
42,0_40,4,None,0,None
42,0_48,4,None,0,None
42,0_52,4,None,0,None
42,0_58,4,None,0,None
42,0_59,3,None,0,None
42,0_61,4,None,0,None
42,0_65,3,None,0,None
42,0_91,2,None,0,None
42,0_94,3,None,0,None
42,0_99,4,None,0,None
42,1_15,5,None,0,None
42,1_24,4,None,0,None
42,1_36,3,None,0,None
42,1_45,5,None,0,None
42,1_47,5,None,0,None
42,1_62,5,None,0,None
42,1_66,2,None,0,None
42,1_77,4,None,0,None
42,1_85,4,None,0,None
42,1_86,4,None,0,None
42,1_97,4,None,0,None
42,2_7,3,None,0,None
42,2_11,2,None,0,None
42,2_14,2,2.4,5,-0.3999999999999999
42,2_19,5,2.4,5,2.6
42,2_20,3,2.6,5,0.3999999999999999
42,2_23,2,2.0,5,0.0
42,2_24,2,2.0,5,0.0
42,2_39,3,2.4,5,0.6000000000000001
42,2_40,3,2.6,5,0.3999999999999999
42,2_53,4,2.2,5,1.7999999999999998
42,2_59,2,2.6,5,-0.6000000000000001
42,2_64,3,3.6,5,-0.6000000000000001
42,2_68,2,1.8,5,0.19999999999999996
42,2_69,2,2.4,5,-0.3999999999999999
42,2_74,2,2.0,5,0.0
42,2_77,4,3.6,5,0.3999999999999999
42,2_96,2,2.0,5,0.0
42,2_99,3,2.0,5,1.0
42,4_1,2,None,0,None
42,4_2,2,None,0,None
42,4_3,2,None,0,None
42,4_4,3,None,0,None
42,4_5,4,None,0,None
42,4_6,3,None,0,None
42,4_7,2,None,0,None
42,4_8,2,None,0,None
42,4_9,3,None,0,None
42,4_10,2,None,0,None
43,0_4,6,4.0,5,2.0
43,0_5,6,3.0,5,3.0
43,0_16,6,4.8,5,1.2000000000000002
43,0_18,5,6.6,5,-1.5999999999999996
43,0_20,3,4.8,5,-1.7999999999999998
43,0_21,5,5.6,5,-0.5999999999999996
43,0_31,7,6.2,5,0.7999999999999998
43,0_38,7,6.0,5,1.0
43,0_40,4,6.0,5,-2.0
43,0_48,7,None,0,None
43,0_52,5,None,0,None
43,0_58,5,None,0,None
43,0_59,7,None,0,None
43,0_61,6,None,0,None
43,0_65,6,None,0,None
43,0_91,7,None,0,None
43,0_94,6,None,0,None
43,0_99,6,None,0,None
43,1_15,7,None,0,None
43,1_24,7,None,0,None
43,1_36,5,None,0,None
43,1_45,6,None,0,None
43,1_47,6,None,0,None
43,1_62,7,None,0,None
43,1_66,7,None,0,None
43,1_77,7,None,0,None
43,1_85,3,None,0,None
43,1_86,7,None,0,None
43,1_97,7,None,0,None
43,2_7,6,None,0,None
43,2_11,3,None,0,None
43,2_14,3,None,0,None
43,2_19,5,None,0,None
43,2_20,5,None,0,None
43,2_23,4,None,0,None
43,2_24,5,None,0,None
43,2_39,7,None,0,None
43,2_40,7,None,0,None
43,2_53,4,None,0,None
43,2_59,4,None,0,None
43,2_64,5,None,0,None
43,2_68,3,None,0,None
43,2_69,3,None,0,None
43,2_74,3,None,0,None
43,2_77,3,None,0,None
43,2_96,2,None,0,None
43,2_99,5,None,0,None
43,4_1,3,3.4,5,-0.3999999999999999
43,4_2,3,2.6,5,0.3999999999999999
43,4_3,2,2.8,5,-0.7999999999999998
43,4_4,2,3.4,5,-1.4
43,4_5,3,4.0,5,-1.0
43,4_6,3,3.4,5,-0.3999999999999999
43,4_7,2,2.6,5,-0.6000000000000001
43,4_8,2,2.4,5,-0.3999999999999999
43,4_9,2,2.4,5,-0.3999999999999999
43,4_10,2,2.2,5,-0.20000000000000018
44,0_4,5,None,0,None
44,0_5,5,None,0,None
44,0_16,5,None,0,None
44,0_18,6,None,0,None
44,0_20,5,None,0,None
44,0_21,7,None,0,None
44,0_31,7,None,0,None
44,0_38,7,None,0,None
44,0_40,6,None,0,None
44,0_48,7,None,0,None
44,0_52,3,None,0,None
44,0_58,2,None,0,None
44,0_59,7,None,0,None
44,0_61,7,None,0,None
44,0_65,6,None,0,None
44,0_91,7,None,0,None
44,0_94,1,None,0,None
44,0_99,7,None,0,None
44,1_15,6,None,0,None
44,1_24,7,None,0,None
44,1_36,5,None,0,None
44,1_45,6,None,0,None
44,1_47,5,None,0,None
44,1_62,5,None,0,None
44,1_66,5,5.8,5,-0.7999999999999998
44,1_77,7,4.2,5,2.8
44,1_85,6,4.8,5,1.2000000000000002
44,1_86,6,4.4,5,1.5999999999999996
44,1_97,2,4.2,5,-2.2
44,2_7,3,2.8,5,0.20000000000000018
44,2_11,4,4.0,5,0.0
44,2_14,2,2.0,5,0.0
44,2_19,6,3.8,5,2.2
44,2_20,4,3.2,5,0.7999999999999998
44,2_23,6,3.4,5,2.6
44,2_24,3,3.2,5,-0.20000000000000018
44,2_39,3,3.8,5,-0.7999999999999998
44,2_40,7,4.2,5,2.8
44,2_53,4,3.2,5,0.7999999999999998
44,2_59,7,None,0,None
44,2_64,5,None,0,None
44,2_68,3,None,0,None
44,2_69,2,None,0,None
44,2_74,6,None,0,None
44,2_77,5,None,0,None
44,2_96,3,None,0,None
44,2_99,4,None,0,None
44,4_1,2,None,0,None
44,4_2,2,None,0,None
44,4_3,2,None,0,None
44,4_4,3,None,0,None
44,4_5,3,None,0,None
44,4_6,3,None,0,None
44,4_7,2,None,0,None
44,4_8,2,None,0,None
44,4_9,2,None,0,None
44,4_10,2,None,0,None
45,0_4,5,None,0,None
45,0_5,4,None,0,None
45,0_16,4,None,0,None
45,0_18,4,None,0,None
45,0_20,4,None,0,None
45,0_21,3,None,0,None
45,0_31,5,None,0,None
45,0_38,4,None,0,None
45,0_40,4,None,0,None
45,0_48,4,None,0,None
45,0_52,4,None,0,None
45,0_58,4,None,0,None
45,0_59,4,None,0,None
45,0_61,5,None,0,None
45,0_65,4,None,0,None
45,0_91,3,None,0,None
45,0_94,4,None,0,None
45,0_99,4,None,0,None
45,1_15,4,None,0,None
45,1_24,4,None,0,None
45,1_36,5,None,0,None
45,1_45,4,None,0,None
45,1_47,4,None,0,None
45,1_62,5,None,0,None
45,1_66,5,None,0,None
45,1_77,4,None,0,None
45,1_85,4,None,0,None
45,1_86,4,None,0,None
45,1_97,4,None,0,None
45,2_7,5,None,0,None
45,2_11,5,None,0,None
45,2_14,4,None,0,None
45,2_19,4,None,0,None
45,2_20,4,None,0,None
45,2_23,5,None,0,None
45,2_24,4,None,0,None
45,2_39,5,None,0,None
45,2_40,4,None,0,None
45,2_53,4,None,0,None
45,2_59,4,4.2,5,-0.20000000000000018
45,2_64,5,4.2,5,0.7999999999999998
45,2_68,5,4.0,5,1.0
45,2_69,4,4.0,5,0.0
45,2_74,5,4.0,5,1.0
45,2_77,4,4.2,5,-0.20000000000000018
45,2_96,4,4.4,5,-0.40000000000000036
45,2_99,5,4.0,5,1.0
45,4_1,4,4.4,5,-0.40000000000000036
45,4_2,4,4.6,5,-0.5999999999999996
45,4_3,4,4.4,5,-0.40000000000000036
45,4_4,4,4.4,5,-0.40000000000000036
45,4_5,5,4.0,5,1.0
45,4_6,5,4.2,5,0.7999999999999998
45,4_7,4,4.0,5,0.0
45,4_8,4,4.0,5,0.0
45,4_9,3,3.8,5,-0.7999999999999998
45,4_10,4,4.4,5,-0.40000000000000036
46,0_4,4,None,0,None
46,0_5,4,None,0,None
46,0_16,7,None,0,None
46,0_18,7,None,0,None
46,0_20,6,None,0,None
46,0_21,7,None,0,None
46,0_31,6,None,0,None
46,0_38,6,None,0,None
46,0_40,6,None,0,None
46,0_48,4,None,0,None
46,0_52,4,None,0,None
46,0_58,6,None,0,None
46,0_59,6,None,0,None
46,0_61,7,None,0,None
46,0_65,7,None,0,None
46,0_91,2,None,0,None
46,0_94,6,None,0,None
46,0_99,6,None,0,None
46,1_15,6,None,0,None
46,1_24,7,None,0,None
46,1_36,7,None,0,None
46,1_45,6,None,0,None
46,1_47,7,None,0,None
46,1_62,7,None,0,None
46,1_66,7,None,0,None
46,1_77,7,None,0,None
46,1_85,3,None,0,None
46,1_86,7,None,0,None
46,1_97,4,None,0,None
46,2_7,7,None,0,None
46,2_11,3,None,0,None
46,2_14,2,None,0,None
46,2_19,2,None,0,None
46,2_20,4,None,0,None
46,2_23,6,None,0,None
46,2_24,3,None,0,None
46,2_39,7,None,0,None
46,2_40,7,None,0,None
46,2_53,5,None,0,None
46,2_59,7,4.4,5,2.5999999999999996
46,2_64,7,4.6,5,2.4000000000000004
46,2_68,2,2.4,5,-0.3999999999999999
46,2_69,3,2.2,5,0.7999999999999998
46,2_74,2,2.8,5,-0.7999999999999998
46,2_77,5,5.4,5,-0.40000000000000036
46,2_96,2,2.8,5,-0.7999999999999998
46,2_99,6,4.8,5,1.2000000000000002
46,4_1,2,2.2,5,-0.20000000000000018
46,4_2,5,2.4,5,2.6
46,4_3,2,2.0,5,0.0
46,4_4,2,2.0,5,0.0
46,4_5,2,2.2,5,-0.20000000000000018
46,4_6,2,2.2,5,-0.20000000000000018
46,4_7,2,2.2,5,-0.20000000000000018
46,4_8,2,2.0,5,0.0
46,4_9,2,2.0,5,0.0
46,4_10,2,2.8,5,-0.7999999999999998
47,0_4,4,4.0,5,0.0
47,0_5,4,3.0,5,1.0
47,0_16,4,4.2,5,-0.20000000000000018
47,0_18,4,4.4,5,-0.40000000000000036
47,0_20,6,3.6,5,2.4
47,0_21,4,4.8,5,-0.7999999999999998
47,0_31,5,4.8,5,0.20000000000000018
47,0_38,5,5.8,5,-0.7999999999999998
47,0_40,7,4.2,5,2.8
47,0_48,7,None,0,None
47,0_52,6,None,0,None
47,0_58,4,None,0,None
47,0_59,5,None,0,None
47,0_61,6,None,0,None
47,0_65,3,None,0,None
47,0_91,6,None,0,None
47,0_94,5,None,0,None
47,0_99,6,None,0,None
47,1_15,5,None,0,None
47,1_24,7,None,0,None
47,1_36,6,None,0,None
47,1_45,5,None,0,None
47,1_47,5,None,0,None
47,1_62,7,None,0,None
47,1_66,5,None,0,None
47,1_77,7,None,0,None
47,1_85,7,None,0,None
47,1_86,4,None,0,None
47,1_97,6,None,0,None
47,2_7,6,None,0,None
47,2_11,4,None,0,None
47,2_14,3,None,0,None
47,2_19,4,None,0,None
47,2_20,5,None,0,None
47,2_23,5,None,0,None
47,2_24,4,None,0,None
47,2_39,5,None,0,None
47,2_40,5,None,0,None
47,2_53,6,None,0,None
47,2_59,5,None,0,None
47,2_64,6,None,0,None
47,2_68,5,None,0,None
47,2_69,4,None,0,None
47,2_74,4,None,0,None
47,2_77,4,None,0,None
47,2_96,6,None,0,None
47,2_99,4,None,0,None
47,4_1,3,3.2,5,-0.20000000000000018
47,4_2,3,3.2,5,-0.20000000000000018
47,4_3,3,2.6,5,0.3999999999999999
47,4_4,2,2.2,5,-0.20000000000000018
47,4_5,4,2.2,5,1.7999999999999998
47,4_6,2,2.6,5,-0.6000000000000001
47,4_7,2,2.4,5,-0.3999999999999999
47,4_8,3,2.0,5,1.0
47,4_9,2,2.2,5,-0.20000000000000018
47,4_10,2,2.0,5,0.0
48,0_4,5,5.6,5,-0.5999999999999996
48,0_5,7,6.6,5,0.40000000000000036
48,0_16,7,6.0,5,1.0
48,0_18,6,5.8,5,0.20000000000000018
48,0_20,5,5.6,5,-0.5999999999999996
48,0_21,4,6.0,5,-2.0
48,0_31,4,6.4,5,-2.4000000000000004
48,0_38,6,6.2,5,-0.20000000000000018
48,0_40,5,6.6,5,-1.5999999999999996
48,0_48,3,None,0,None
48,0_52,4,None,0,None
48,0_58,4,None,0,None
48,0_59,6,None,0,None
48,0_61,7,None,0,None
48,0_65,6,None,0,None
48,0_91,7,None,0,None
48,0_94,6,None,0,None
48,0_99,7,None,0,None
48,1_15,6,None,0,None
48,1_24,4,None,0,None
48,1_36,7,None,0,None
48,1_45,3,None,0,None
48,1_47,4,None,0,None
48,1_62,7,None,0,None
48,1_66,4,None,0,None
48,1_77,5,None,0,None
48,1_85,6,None,0,None
48,1_86,3,None,0,None
48,1_97,7,None,0,None
48,2_7,7,None,0,None
48,2_11,4,None,0,None
48,2_14,7,None,0,None
48,2_19,5,None,0,None
48,2_20,5,None,0,None
48,2_23,2,None,0,None
48,2_24,7,None,0,None
48,2_39,5,None,0,None
48,2_40,4,None,0,None
48,2_53,4,None,0,None
48,2_59,4,None,0,None
48,2_64,7,None,0,None
48,2_68,6,None,0,None
48,2_69,4,None,0,None
48,2_74,6,None,0,None
48,2_77,7,None,0,None
48,2_96,5,None,0,None
48,2_99,7,None,0,None
48,4_1,5,6.2,5,-1.2000000000000002
48,4_2,6,6.0,5,0.0
48,4_3,6,5.8,5,0.20000000000000018
48,4_4,7,5.2,5,1.7999999999999998
48,4_5,5,6.2,5,-1.2000000000000002
48,4_6,7,6.2,5,0.7999999999999998
48,4_7,6,6.6,5,-0.5999999999999996
48,4_8,5,4.8,5,0.20000000000000018
48,4_9,3,5.8,5,-2.8
48,4_10,4,6.4,5,-2.4000000000000004
49,0_4,5,None,0,None
49,0_5,2,None,0,None
49,0_16,5,None,0,None
49,0_18,5,None,0,None
49,0_20,2,None,0,None
49,0_21,7,None,0,None
49,0_31,5,None,0,None
49,0_38,5,None,0,None
49,0_40,2,None,0,None
49,0_48,6,None,0,None
49,0_52,4,None,0,None
49,0_58,3,None,0,None
49,0_59,5,None,0,None
49,0_61,3,None,0,None
49,0_65,5,None,0,None
49,0_91,4,None,0,None
49,0_94,4,None,0,None
49,0_99,3,None,0,None
49,1_15,4,None,0,None
49,1_24,6,None,0,None
49,1_36,4,None,0,None
49,1_45,6,None,0,None
49,1_47,5,None,0,None
49,1_62,4,None,0,None
49,1_66,5,6.0,5,-1.0
49,1_77,4,5.8,5,-1.7999999999999998
49,1_85,5,4.4,5,0.5999999999999996
49,1_86,3,4.2,5,-1.2000000000000002
49,1_97,5,4.2,5,0.7999999999999998
49,2_7,7,2.0,5,5.0
49,2_11,5,3.0,5,2.0
49,2_14,6,3.0,5,3.0
49,2_19,3,3.0,5,0.0
49,2_20,4,3.8,5,0.20000000000000018
49,2_23,5,4.2,5,0.7999999999999998
49,2_24,3,3.2,5,-0.20000000000000018
49,2_39,5,4.2,5,0.7999999999999998
49,2_40,2,4.8,5,-2.8
49,2_53,6,3.8,5,2.2
49,2_59,4,None,0,None
49,2_64,7,None,0,None
49,2_68,5,None,0,None
49,2_69,4,None,0,None
49,2_74,2,None,0,None
49,2_77,2,None,0,None
49,2_96,5,None,0,None
49,2_99,5,None,0,None
49,4_1,2,None,0,None
49,4_2,2,None,0,None
49,4_3,2,None,0,None
49,4_4,2,None,0,None
49,4_5,3,None,0,None
49,4_6,3,None,0,None
49,4_7,2,None,0,None
49,4_8,2,None,0,None
49,4_9,2,None,0,None
49,4_10,2,None,0,None
50,0_4,4,3.8,5,0.20000000000000018
50,0_5,2,2.4,5,-0.3999999999999999
50,0_16,4,4.4,5,-0.40000000000000036
50,0_18,6,4.6,5,1.4000000000000004
50,0_20,3,2.6,5,0.3999999999999999
50,0_21,4,3.6,5,0.3999999999999999
50,0_31,5,4.6,5,0.40000000000000036
50,0_38,4,5.2,5,-1.2000000000000002
50,0_40,2,4.6,5,-2.5999999999999996
50,0_48,6,5.4,5,0.5999999999999996
50,0_52,3,3.6,5,-0.6000000000000001
50,0_58,4,4.8,5,-0.7999999999999998
50,0_59,5,4.2,5,0.7999999999999998
50,0_61,2,4.2,5,-2.2
50,0_65,6,6.2,5,-0.20000000000000018
50,0_91,2,3.6,5,-1.6
50,0_94,5,5.2,5,-0.20000000000000018
50,0_99,7,5.4,5,1.5999999999999996
50,1_15,7,None,0,None
50,1_24,7,None,0,None
50,1_36,4,None,0,None
50,1_45,3,None,0,None
50,1_47,3,None,0,None
50,1_62,3,None,0,None
50,1_66,6,None,0,None
50,1_77,3,None,0,None
50,1_85,4,None,0,None
50,1_86,4,None,0,None
50,1_97,3,None,0,None
50,2_7,3,None,0,None
50,2_11,2,None,0,None
50,2_14,3,None,0,None
50,2_19,4,None,0,None
50,2_20,2,None,0,None
50,2_23,3,None,0,None
50,2_24,2,None,0,None
50,2_39,3,None,0,None
50,2_40,2,None,0,None
50,2_53,3,None,0,None
50,2_59,4,None,0,None
50,2_64,4,None,0,None
50,2_68,3,None,0,None
50,2_69,2,None,0,None
50,2_74,3,None,0,None
50,2_77,4,None,0,None
50,2_96,2,None,0,None
50,2_99,2,None,0,None
50,4_1,2,None,0,None
50,4_2,2,None,0,None
50,4_3,2,None,0,None
50,4_4,3,None,0,None
50,4_5,4,None,0,None
50,4_6,2,None,0,None
50,4_7,2,None,0,None
50,4_8,2,None,0,None
50,4_9,2,None,0,None
50,4_10,2,None,0,None
51,0_4,7,None,0,None
51,0_5,3,None,0,None
51,0_16,6,None,0,None
51,0_18,7,None,0,None
51,0_20,5,None,0,None
51,0_21,6,None,0,None
51,0_31,6,None,0,None
51,0_38,6,None,0,None
51,0_40,7,None,0,None
51,0_48,7,None,0,None
51,0_52,5,None,0,None
51,0_58,6,None,0,None
51,0_59,4,None,0,None
51,0_61,6,None,0,None
51,0_65,7,None,0,None
51,0_91,7,None,0,None
51,0_94,6,None,0,None
51,0_99,5,None,0,None
51,1_15,7,6.4,5,0.5999999999999996
51,1_24,6,5.6,5,0.40000000000000036
51,1_36,5,5.4,5,-0.40000000000000036
51,1_45,7,3.4,5,3.6
51,1_47,7,3.6,5,3.4
51,1_62,7,5.4,5,1.5999999999999996
51,1_66,7,6.2,5,0.7999999999999998
51,1_77,7,6.0,5,1.0
51,1_85,6,5.6,5,0.40000000000000036
51,1_86,5,4.2,5,0.7999999999999998
51,1_97,6,5.2,5,0.7999999999999998
51,2_7,3,2.4,5,0.6000000000000001
51,2_11,3,2.8,5,0.20000000000000018
51,2_14,4,None,0,None
51,2_19,4,None,0,None
51,2_20,7,None,0,None
51,2_23,6,None,0,None
51,2_24,3,None,0,None
51,2_39,6,None,0,None
51,2_40,7,None,0,None
51,2_53,3,None,0,None
51,2_59,5,None,0,None
51,2_64,5,None,0,None
51,2_68,4,None,0,None
51,2_69,4,None,0,None
51,2_74,4,None,0,None
51,2_77,5,None,0,None
51,2_96,3,None,0,None
51,2_99,5,None,0,None
51,4_1,4,None,0,None
51,4_2,3,None,0,None
51,4_3,3,None,0,None
51,4_4,3,None,0,None
51,4_5,4,None,0,None
51,4_6,3,None,0,None
51,4_7,4,None,0,None
51,4_8,4,None,0,None
51,4_9,3,None,0,None
51,4_10,2,None,0,None
